0 verbose cli C:\Program Files\nodejs\node.exe C:\Program Files\nodejs\node_modules\npm\bin\npm-cli.js
1 info using npm@11.9.0
2 info using node@v24.14.0
3 silly config load:file:C:\Program Files\nodejs\node_modules\npm\npmrc
4 silly config load:file:D:\noteflow\.npmrc
5 silly config load:file:C:\Users\jjbui\.npmrc
6 silly config load:file:C:\Users\jjbui\AppData\Roaming\npm\etc\npmrc
7 verbose title npm install @react-native-firebase/app @react-native-firebase/auth @react-native-firebase/firestore
8 verbose argv "install" "--save" "@react-native-firebase/app" "@react-native-firebase/auth" "@react-native-firebase/firestore"
9 verbose logfile logs-max:10 dir:D:\noteflow\npm-cache\_logs\2026-06-09T20_59_17_649Z-
10 verbose logfile D:\noteflow\npm-cache\_logs\2026-06-09T20_59_17_649Z-debug-0.log
11 silly logfile done cleaning log files
12 silly packumentCache heap:2174746624 maxSize:543686656 maxEntrySize:271843328
13 silly idealTree buildDeps
14 silly fetch manifest @react-native-firebase/app@*
15 silly packumentCache full:https://registry.npmjs.org/@react-native-firebase%2fapp cache-miss
16 http fetch GET 200 https://registry.npmjs.org/@react-native-firebase%2fapp 1132ms (cache miss)
17 silly packumentCache full:https://registry.npmjs.org/@react-native-firebase%2fapp set size:undefined disposed:false
18 silly fetch manifest expo@~54.0.0
19 silly packumentCache full:https://registry.npmjs.org/expo cache-miss
20 http fetch GET 200 https://registry.npmjs.org/expo 998ms (cache miss)
21 silly packumentCache full:https://registry.npmjs.org/expo set size:undefined disposed:false
22 silly fetch manifest @expo/dom-webview@*
23 silly packumentCache full:https://registry.npmjs.org/@expo%2fdom-webview cache-miss
24 http fetch GET 200 https://registry.npmjs.org/@expo%2fdom-webview 277ms (cache miss)
25 silly packumentCache full:https://registry.npmjs.org/@expo%2fdom-webview set size:undefined disposed:false
26 silly fetch manifest react@19.1.0
27 silly packumentCache full:https://registry.npmjs.org/react cache-miss
28 http fetch GET 200 https://registry.npmjs.org/react 1775ms (cache miss)
29 silly packumentCache full:https://registry.npmjs.org/react set size:undefined disposed:false
30 silly fetch manifest react-native@0.81.5
31 silly packumentCache full:https://registry.npmjs.org/react-native cache-miss
32 http fetch GET 200 https://registry.npmjs.org/react-native 2086ms (cache miss)
33 silly packumentCache full:https://registry.npmjs.org/react-native set size:undefined disposed:false
34 silly fetch manifest @types/react@~19.1.10
35 silly packumentCache full:https://registry.npmjs.org/@types%2freact cache-miss
36 http fetch GET 200 https://registry.npmjs.org/@types%2freact 516ms (cache miss)
37 silly packumentCache full:https://registry.npmjs.org/@types%2freact set size:undefined disposed:false
38 silly fetch manifest @expo/metro-runtime@*
39 silly packumentCache full:https://registry.npmjs.org/@expo%2fmetro-runtime cache-miss
40 http fetch GET 200 https://registry.npmjs.org/@expo%2fmetro-runtime 424ms (cache miss)
41 silly packumentCache full:https://registry.npmjs.org/@expo%2fmetro-runtime set size:undefined disposed:false
42 silly fetch manifest react-dom@*
43 silly packumentCache full:https://registry.npmjs.org/react-dom cache-miss
44 http fetch GET 200 https://registry.npmjs.org/react-dom 1276ms (cache miss)
45 silly packumentCache full:https://registry.npmjs.org/react-dom set size:undefined disposed:false
46 silly fetch manifest react@^19.2.7
47 silly packumentCache full:https://registry.npmjs.org/react cache-miss
48 http cache https://registry.npmjs.org/react 68ms (cache hit)
49 silly packumentCache full:https://registry.npmjs.org/react set size:6693019 disposed:false
50 silly fetch manifest react-native-webview@*
51 silly packumentCache full:https://registry.npmjs.org/react-native-webview cache-miss
52 http fetch GET 200 https://registry.npmjs.org/react-native-webview 486ms (cache miss)
53 silly packumentCache full:https://registry.npmjs.org/react-native-webview set size:undefined disposed:false
54 silly fetch manifest @react-native-firebase/auth@*
55 silly packumentCache full:https://registry.npmjs.org/@react-native-firebase%2fauth cache-miss
56 http fetch GET 200 https://registry.npmjs.org/@react-native-firebase%2fauth 649ms (cache miss)
57 silly packumentCache full:https://registry.npmjs.org/@react-native-firebase%2fauth set size:undefined disposed:false
58 silly fetch manifest @react-native-firebase/firestore@*
59 silly packumentCache full:https://registry.npmjs.org/@react-native-firebase%2ffirestore cache-miss
60 http fetch GET 200 https://registry.npmjs.org/@react-native-firebase%2ffirestore 620ms (cache miss)
61 silly packumentCache full:https://registry.npmjs.org/@react-native-firebase%2ffirestore set size:undefined disposed:false
62 silly placeDep ROOT @react-native-firebase/app@24.1.0 OK for: noteflow@1.0.0 want: *
63 silly placeDep ROOT @react-native-firebase/auth@24.1.0 OK for: noteflow@1.0.0 want: *
64 silly placeDep ROOT @react-native-firebase/firestore@24.1.0 OK for: noteflow@1.0.0 want: *
65 silly fetch manifest firebase@12.14.0
66 silly packumentCache full:https://registry.npmjs.org/firebase cache-miss
67 silly fetch manifest react-native-url-polyfill@3.0.0
68 silly packumentCache full:https://registry.npmjs.org/react-native-url-polyfill cache-miss
69 http fetch GET 200 https://registry.npmjs.org/react-native-url-polyfill 556ms (cache miss)
70 silly packumentCache full:https://registry.npmjs.org/react-native-url-polyfill set size:undefined disposed:false
71 http fetch GET 200 https://registry.npmjs.org/firebase 4311ms (cache miss)
72 silly packumentCache full:https://registry.npmjs.org/firebase set size:undefined disposed:false
73 silly fetch manifest expo-font@>=14.0.4
74 silly packumentCache full:https://registry.npmjs.org/expo-font cache-miss
75 http fetch GET 200 https://registry.npmjs.org/expo-font 357ms (cache miss)
76 silly packumentCache full:https://registry.npmjs.org/expo-font set size:undefined disposed:false
77 silly fetch manifest expo@*
78 silly packumentCache full:https://registry.npmjs.org/expo cache-miss
79 http cache https://registry.npmjs.org/expo 78ms (cache hit)
80 silly packumentCache full:https://registry.npmjs.org/expo set size:3830052 disposed:false
81 silly fetch manifest react@*
82 silly packumentCache full:https://registry.npmjs.org/react cache-miss
83 http cache https://registry.npmjs.org/react 162ms (cache hit)
84 silly packumentCache full:https://registry.npmjs.org/react set size:6693019 disposed:false
85 silly fetch manifest react-native@*
86 silly packumentCache full:https://registry.npmjs.org/react-native cache-miss
87 http cache https://registry.npmjs.org/react-native 248ms (cache hit)
88 silly packumentCache full:https://registry.npmjs.org/react-native set size:15353811 disposed:false
89 silly fetch manifest @react-native/jest-preset@0.86.0
90 silly packumentCache full:https://registry.npmjs.org/@react-native%2fjest-preset cache-miss
91 http fetch GET 200 https://registry.npmjs.org/@react-native%2fjest-preset 203ms (cache miss)
92 silly packumentCache full:https://registry.npmjs.org/@react-native%2fjest-preset set size:undefined disposed:false
93 silly fetch manifest @types/react@^19.1.1
94 silly packumentCache full:https://registry.npmjs.org/@types%2freact cache-miss
95 http cache https://registry.npmjs.org/@types%2freact 58ms (cache hit)
96 silly packumentCache full:https://registry.npmjs.org/@types%2freact set size:2632776 disposed:false
97 silly fetch manifest react-native-web@*
98 silly packumentCache full:https://registry.npmjs.org/react-native-web cache-miss
99 http fetch GET 200 https://registry.npmjs.org/react-native-web 364ms (cache miss)
100 silly packumentCache full:https://registry.npmjs.org/react-native-web set size:undefined disposed:false
101 silly placeDep ROOT expo-font@56.0.5 OK for: @expo/vector-icons@15.1.1 want: >=14.0.4
102 silly fetch manifest react-dom@^16.8 || ^17.0 || ^18.0 || ^19.0 || ^19.0.0-rc
103 silly packumentCache full:https://registry.npmjs.org/react-dom cache-miss
104 http cache https://registry.npmjs.org/react-dom 159ms (cache hit)
105 silly packumentCache full:https://registry.npmjs.org/react-dom set size:8937624 disposed:false
106 silly fetch manifest react@^16.8 || ^17.0 || ^18.0 || ^19.0 || ^19.0.0-rc
107 silly packumentCache full:https://registry.npmjs.org/react cache-miss
108 http cache https://registry.npmjs.org/react 47ms (cache hit)
109 silly packumentCache full:https://registry.npmjs.org/react set size:6693019 disposed:false
110 silly placeDep ROOT react-dom@19.2.7 CONFLICT for: @radix-ui/react-collection@1.1.7 want: ^16.8 || ^17.0 || ^18.0 || ^19.0 || ^19.0.0-rc
111 warn ERESOLVE overriding peer dependency {
111 warn ERESOLVE   code: 'ERESOLVE',
111 warn ERESOLVE   edge: {
111 warn ERESOLVE     type: 'peer',
111 warn ERESOLVE     name: 'react',
111 warn ERESOLVE     spec: '^19.2.7',
111 warn ERESOLVE     error: 'INVALID',
111 warn ERESOLVE     from: {
111 warn ERESOLVE       name: 'react-dom',
111 warn ERESOLVE       version: '19.2.7',
111 warn ERESOLVE       location: 'node_modules/react-dom',
111 warn ERESOLVE       isWorkspace: false,
111 warn ERESOLVE       dependents: [Array]
111 warn ERESOLVE     }
111 warn ERESOLVE   },
111 warn ERESOLVE   dep: {
111 warn ERESOLVE     name: 'react',
111 warn ERESOLVE     version: '19.2.7',
111 warn ERESOLVE     whileInstalling: {
111 warn ERESOLVE       name: '@radix-ui/react-collection',
111 warn ERESOLVE       version: '1.1.7',
111 warn ERESOLVE       path: 'D:\\noteflow\\node_modules\\@radix-ui\\react-collection'
111 warn ERESOLVE     },
111 warn ERESOLVE     location: 'node_modules/react',
111 warn ERESOLVE     isWorkspace: false,
111 warn ERESOLVE     dependents: [ [Object] ]
111 warn ERESOLVE   },
111 warn ERESOLVE   force: false,
111 warn ERESOLVE   isMine: false,
111 warn ERESOLVE   strictPeerDeps: false,
111 warn ERESOLVE   current: {
111 warn ERESOLVE     name: 'react',
111 warn ERESOLVE     version: '19.1.0',
111 warn ERESOLVE     location: 'node_modules/react',
111 warn ERESOLVE     isWorkspace: false,
111 warn ERESOLVE     dependents: [ [Object] ]
111 warn ERESOLVE   },
111 warn ERESOLVE   peerConflict: {
111 warn ERESOLVE     name: 'react',
111 warn ERESOLVE     version: '19.1.0',
111 warn ERESOLVE     location: 'node_modules/react',
111 warn ERESOLVE     isWorkspace: false,
111 warn ERESOLVE     dependents: [ [Object] ]
111 warn ERESOLVE   }
111 warn ERESOLVE }
112 silly fetch manifest scheduler@^0.27.0
113 silly packumentCache full:https://registry.npmjs.org/scheduler cache-miss
114 http fetch GET 200 https://registry.npmjs.org/scheduler 1678ms (cache miss)
115 silly packumentCache full:https://registry.npmjs.org/scheduler set size:undefined disposed:false
116 silly placeDep ROOT firebase@12.14.0 OK for: @react-native-firebase/app@24.1.0 want: 12.14.0
117 silly fetch manifest @firebase/ai@2.13.0
118 silly packumentCache full:https://registry.npmjs.org/@firebase%2fai cache-miss
119 silly fetch manifest @firebase/app@0.14.13
120 silly packumentCache full:https://registry.npmjs.org/@firebase%2fapp cache-miss
121 silly fetch manifest @firebase/app-compat@0.5.13
122 silly packumentCache full:https://registry.npmjs.org/@firebase%2fapp-compat cache-miss
123 silly fetch manifest @firebase/app-types@0.9.5
124 silly packumentCache full:https://registry.npmjs.org/@firebase%2fapp-types cache-miss
125 silly fetch manifest @firebase/auth@1.13.2
126 silly packumentCache full:https://registry.npmjs.org/@firebase%2fauth cache-miss
127 silly fetch manifest @firebase/auth-compat@0.6.7
128 silly packumentCache full:https://registry.npmjs.org/@firebase%2fauth-compat cache-miss
129 silly fetch manifest @firebase/data-connect@0.7.1
130 silly packumentCache full:https://registry.npmjs.org/@firebase%2fdata-connect cache-miss
131 http fetch GET 200 https://registry.npmjs.org/@firebase%2fapp-types 1082ms (cache miss)
132 silly packumentCache full:https://registry.npmjs.org/@firebase%2fapp-types set size:undefined disposed:false
133 silly fetch manifest @firebase/database@1.1.3
134 silly packumentCache full:https://registry.npmjs.org/@firebase%2fdatabase cache-miss
135 http fetch GET 200 https://registry.npmjs.org/@firebase%2fdata-connect 2047ms (cache miss)
136 silly packumentCache full:https://registry.npmjs.org/@firebase%2fdata-connect set size:undefined disposed:false
137 silly fetch manifest @firebase/database-compat@2.1.4
138 silly packumentCache full:https://registry.npmjs.org/@firebase%2fdatabase-compat cache-miss
139 http fetch GET 200 https://registry.npmjs.org/@firebase%2fai 2082ms (cache miss)
140 silly packumentCache full:https://registry.npmjs.org/@firebase%2fai set size:undefined disposed:false
141 silly fetch manifest @firebase/firestore@4.15.0
142 silly packumentCache full:https://registry.npmjs.org/@firebase%2ffirestore cache-miss
143 http fetch GET 200 https://registry.npmjs.org/@firebase%2fapp-compat 2508ms (cache miss)
144 silly packumentCache full:https://registry.npmjs.org/@firebase%2fapp-compat set size:undefined disposed:false
145 silly fetch manifest @firebase/firestore-compat@0.4.10
146 silly packumentCache full:https://registry.npmjs.org/@firebase%2ffirestore-compat cache-miss
147 http fetch GET 200 https://registry.npmjs.org/@firebase%2fauth-compat 2922ms (cache miss)
148 silly packumentCache full:https://registry.npmjs.org/@firebase%2fauth-compat set size:undefined disposed:false
149 silly fetch manifest @firebase/functions@0.13.5
150 silly packumentCache full:https://registry.npmjs.org/@firebase%2ffunctions cache-miss
151 http fetch GET 200 https://registry.npmjs.org/@firebase%2fauth 7275ms (cache miss)
152 silly packumentCache full:https://registry.npmjs.org/@firebase%2fauth set size:undefined disposed:false
153 silly fetch manifest @firebase/functions-compat@0.4.5
154 silly packumentCache full:https://registry.npmjs.org/@firebase%2ffunctions-compat cache-miss
155 http fetch GET 200 https://registry.npmjs.org/@firebase%2fdatabase-compat 6987ms (cache miss)
156 silly packumentCache full:https://registry.npmjs.org/@firebase%2fdatabase-compat set size:undefined disposed:false
157 silly fetch manifest @firebase/installations@0.6.22
158 silly packumentCache full:https://registry.npmjs.org/@firebase%2finstallations cache-miss
159 http fetch GET 200 https://registry.npmjs.org/@firebase%2ffirestore-compat 7449ms (cache miss)
160 silly packumentCache full:https://registry.npmjs.org/@firebase%2ffirestore-compat set size:undefined disposed:false
161 silly fetch manifest @firebase/installations-compat@0.2.22
162 silly packumentCache full:https://registry.npmjs.org/@firebase%2finstallations-compat cache-miss
163 http fetch GET 200 https://registry.npmjs.org/@firebase%2ffunctions-compat 6794ms (cache miss)
164 silly packumentCache full:https://registry.npmjs.org/@firebase%2ffunctions-compat set size:undefined disposed:false
165 silly fetch manifest @firebase/messaging@0.13.0
166 silly packumentCache full:https://registry.npmjs.org/@firebase%2fmessaging cache-miss
167 http fetch GET 200 https://registry.npmjs.org/@firebase%2fapp 14536ms (cache miss)
168 silly packumentCache full:https://registry.npmjs.org/@firebase%2fapp set size:undefined disposed:false
169 silly fetch manifest @firebase/messaging-compat@0.2.27
170 silly packumentCache full:https://registry.npmjs.org/@firebase%2fmessaging-compat cache-miss
171 http fetch GET 200 https://registry.npmjs.org/@firebase%2finstallations-compat 6640ms (cache miss)
172 silly packumentCache full:https://registry.npmjs.org/@firebase%2finstallations-compat set size:undefined disposed:false
173 silly fetch manifest @firebase/storage@0.14.3
174 silly packumentCache full:https://registry.npmjs.org/@firebase%2fstorage cache-miss
175 http fetch GET 200 https://registry.npmjs.org/@firebase%2fdatabase 15834ms (cache miss)
176 silly packumentCache full:https://registry.npmjs.org/@firebase%2fdatabase set size:undefined disposed:false
177 silly fetch manifest @firebase/storage-compat@0.4.3
178 silly packumentCache full:https://registry.npmjs.org/@firebase%2fstorage-compat cache-miss
179 http fetch GET 200 https://registry.npmjs.org/@firebase%2ffunctions 15156ms (cache miss)
180 silly packumentCache full:https://registry.npmjs.org/@firebase%2ffunctions set size:undefined disposed:false
181 silly fetch manifest @firebase/performance@0.7.12
182 silly packumentCache full:https://registry.npmjs.org/@firebase%2fperformance cache-miss
183 http fetch GET 200 https://registry.npmjs.org/@firebase%2fmessaging-compat 5745ms (cache miss)
184 silly packumentCache full:https://registry.npmjs.org/@firebase%2fmessaging-compat set size:undefined disposed:false
185 silly fetch manifest @firebase/performance-compat@0.2.25
186 silly packumentCache full:https://registry.npmjs.org/@firebase%2fperformance-compat cache-miss
187 http fetch GET 200 https://registry.npmjs.org/@firebase%2finstallations 11697ms (cache miss)
188 silly packumentCache full:https://registry.npmjs.org/@firebase%2finstallations set size:undefined disposed:false
189 silly fetch manifest @firebase/remote-config@0.8.4
190 silly packumentCache full:https://registry.npmjs.org/@firebase%2fremote-config cache-miss
191 http fetch GET 200 https://registry.npmjs.org/@firebase%2fstorage-compat 6889ms (cache miss)
192 silly packumentCache full:https://registry.npmjs.org/@firebase%2fstorage-compat set size:undefined disposed:false
193 silly fetch manifest @firebase/remote-config-compat@0.2.25
194 silly packumentCache full:https://registry.npmjs.org/@firebase%2fremote-config-compat cache-miss
195 http fetch GET 200 https://registry.npmjs.org/@firebase%2fperformance-compat 6596ms (cache miss)
196 silly packumentCache full:https://registry.npmjs.org/@firebase%2fperformance-compat set size:undefined disposed:false
197 silly fetch manifest @firebase/analytics@0.10.22
198 silly packumentCache full:https://registry.npmjs.org/@firebase%2fanalytics cache-miss
199 http fetch GET 200 https://registry.npmjs.org/@firebase%2ffirestore 25779ms (cache miss)
200 silly packumentCache full:https://registry.npmjs.org/@firebase%2ffirestore set size:undefined disposed:false
201 silly fetch manifest @firebase/analytics-compat@0.2.28
202 silly packumentCache full:https://registry.npmjs.org/@firebase%2fanalytics-compat cache-miss
203 http fetch GET 200 https://registry.npmjs.org/@firebase%2fmessaging 15088ms (cache miss)
204 silly packumentCache full:https://registry.npmjs.org/@firebase%2fmessaging set size:undefined disposed:false
205 silly fetch manifest @firebase/app-check@0.11.4
206 silly packumentCache full:https://registry.npmjs.org/@firebase%2fapp-check cache-miss
207 http fetch GET 200 https://registry.npmjs.org/@firebase%2fperformance 12908ms (cache miss)
208 silly packumentCache full:https://registry.npmjs.org/@firebase%2fperformance set size:undefined disposed:false
209 silly fetch manifest @firebase/app-check-compat@0.4.4
210 silly packumentCache full:https://registry.npmjs.org/@firebase%2fapp-check-compat cache-miss
211 http fetch GET 200 https://registry.npmjs.org/@firebase%2fremote-config-compat 7272ms (cache miss)
212 silly packumentCache full:https://registry.npmjs.org/@firebase%2fremote-config-compat set size:undefined disposed:false
213 silly fetch manifest @firebase/util@1.15.1
214 silly packumentCache full:https://registry.npmjs.org/@firebase%2futil cache-miss
215 http fetch GET 200 https://registry.npmjs.org/@firebase%2fstorage 15197ms (cache miss)
216 silly packumentCache full:https://registry.npmjs.org/@firebase%2fstorage set size:undefined disposed:false
217 http fetch GET 200 https://registry.npmjs.org/@firebase%2fremote-config 12042ms (cache miss)
218 silly packumentCache full:https://registry.npmjs.org/@firebase%2fremote-config set size:undefined disposed:false
219 http fetch GET 200 https://registry.npmjs.org/@firebase%2fanalytics-compat 6093ms (cache miss)
220 silly packumentCache full:https://registry.npmjs.org/@firebase%2fanalytics-compat set size:undefined disposed:false
221 http fetch GET 200 https://registry.npmjs.org/@firebase%2fapp-check 5783ms (cache miss)
222 silly packumentCache full:https://registry.npmjs.org/@firebase%2fapp-check set size:undefined disposed:false
223 http fetch GET 200 https://registry.npmjs.org/@firebase%2fapp-check-compat 4351ms (cache miss)
224 silly packumentCache full:https://registry.npmjs.org/@firebase%2fapp-check-compat set size:undefined disposed:false
225 http fetch GET 200 https://registry.npmjs.org/@firebase%2fanalytics 8960ms (cache miss)
226 silly packumentCache full:https://registry.npmjs.org/@firebase%2fanalytics set size:undefined disposed:false
227 http fetch GET 200 https://registry.npmjs.org/@firebase%2futil 5469ms (cache miss)
228 silly packumentCache full:https://registry.npmjs.org/@firebase%2futil set size:undefined disposed:false
229 silly fetch manifest react@^19.2.3
230 silly packumentCache full:https://registry.npmjs.org/react cache-miss
231 http cache https://registry.npmjs.org/react 146ms (cache hit)
232 silly packumentCache full:https://registry.npmjs.org/react set size:6693019 disposed:false
233 silly placeDep ROOT react-native-url-polyfill@3.0.0 OK for: @react-native-firebase/firestore@24.1.0 want: 3.0.0
234 silly fetch manifest @react-native-async-storage/async-storage@^2.2.0 || ^3.0.0
235 silly packumentCache full:https://registry.npmjs.org/@react-native-async-storage%2fasync-storage cache-miss
236 http fetch GET 200 https://registry.npmjs.org/@react-native-async-storage%2fasync-storage 245ms (cache miss)
237 silly packumentCache full:https://registry.npmjs.org/@react-native-async-storage%2fasync-storage set size:undefined disposed:false
238 silly placeDep ROOT @firebase/ai@2.13.0 OK for: firebase@12.14.0 want: 2.13.0
239 silly placeDep ROOT @firebase/app@0.14.13 OK for: @firebase/ai@2.13.0 want: 0.x
240 silly placeDep ROOT @firebase/app-types@0.9.5 OK for: @firebase/ai@2.13.0 want: 0.x
241 silly placeDep ROOT @firebase/analytics@0.10.22 OK for: firebase@12.14.0 want: 0.10.22
242 silly placeDep ROOT @firebase/analytics-compat@0.2.28 OK for: firebase@12.14.0 want: 0.2.28
243 silly placeDep ROOT @firebase/app-compat@0.5.13 OK for: @firebase/analytics-compat@0.2.28 want: 0.x
244 silly placeDep ROOT @firebase/app-check@0.11.4 OK for: firebase@12.14.0 want: 0.11.4
245 silly placeDep ROOT @firebase/app-check-compat@0.4.4 OK for: firebase@12.14.0 want: 0.4.4
246 silly placeDep ROOT @firebase/auth@1.13.2 OK for: firebase@12.14.0 want: 1.13.2
247 silly placeDep ROOT @firebase/auth-compat@0.6.7 OK for: firebase@12.14.0 want: 0.6.7
248 silly placeDep ROOT @firebase/data-connect@0.7.1 OK for: firebase@12.14.0 want: 0.7.1
249 silly placeDep ROOT @firebase/database@1.1.3 OK for: firebase@12.14.0 want: 1.1.3
250 silly placeDep ROOT @firebase/database-compat@2.1.4 OK for: firebase@12.14.0 want: 2.1.4
251 silly placeDep ROOT @firebase/firestore@4.15.0 OK for: firebase@12.14.0 want: 4.15.0
252 silly placeDep ROOT @firebase/firestore-compat@0.4.10 OK for: firebase@12.14.0 want: 0.4.10
253 silly placeDep ROOT @firebase/functions@0.13.5 OK for: firebase@12.14.0 want: 0.13.5
254 silly placeDep ROOT @firebase/functions-compat@0.4.5 OK for: firebase@12.14.0 want: 0.4.5
255 silly placeDep ROOT @firebase/installations@0.6.22 OK for: firebase@12.14.0 want: 0.6.22
256 silly placeDep ROOT @firebase/installations-compat@0.2.22 OK for: firebase@12.14.0 want: 0.2.22
257 silly placeDep ROOT @firebase/messaging@0.13.0 OK for: firebase@12.14.0 want: 0.13.0
258 silly placeDep ROOT @firebase/messaging-compat@0.2.27 OK for: firebase@12.14.0 want: 0.2.27
259 silly placeDep ROOT @firebase/performance@0.7.12 OK for: firebase@12.14.0 want: 0.7.12
260 silly placeDep ROOT @firebase/performance-compat@0.2.25 OK for: firebase@12.14.0 want: 0.2.25
261 silly placeDep ROOT @firebase/remote-config@0.8.4 OK for: firebase@12.14.0 want: 0.8.4
262 silly placeDep ROOT @firebase/remote-config-compat@0.2.25 OK for: firebase@12.14.0 want: 0.2.25
263 silly placeDep ROOT @firebase/storage@0.14.3 OK for: firebase@12.14.0 want: 0.14.3
264 silly placeDep ROOT @firebase/storage-compat@0.4.3 OK for: firebase@12.14.0 want: 0.4.3
265 silly placeDep ROOT @firebase/util@1.15.1 OK for: firebase@12.14.0 want: 1.15.1
266 silly fetch manifest @firebase/app-check-interop-types@0.3.4
267 silly packumentCache full:https://registry.npmjs.org/@firebase%2fapp-check-interop-types cache-miss
268 silly fetch manifest @firebase/component@0.7.3
269 silly packumentCache full:https://registry.npmjs.org/@firebase%2fcomponent cache-miss
270 silly fetch manifest @firebase/logger@0.5.1
271 silly packumentCache full:https://registry.npmjs.org/@firebase%2flogger cache-miss
272 silly fetch manifest @firebase/logger@0.5.1
273 silly packumentCache full:https://registry.npmjs.org/@firebase%2flogger cache-miss
274 silly fetch manifest @firebase/logger@0.5.1
275 silly packumentCache full:https://registry.npmjs.org/@firebase%2flogger cache-miss
276 silly fetch manifest @firebase/component@0.7.3
277 silly packumentCache full:https://registry.npmjs.org/@firebase%2fcomponent cache-miss
278 silly fetch manifest idb@7.1.1
279 silly packumentCache full:https://registry.npmjs.org/idb cache-miss
280 http fetch GET 200 https://registry.npmjs.org/idb 577ms (cache miss)
281 silly packumentCache full:https://registry.npmjs.org/idb set size:undefined disposed:false
282 silly fetch manifest @firebase/logger@0.5.1
283 silly packumentCache full:https://registry.npmjs.org/@firebase%2flogger cache-miss
284 http fetch GET 200 https://registry.npmjs.org/@firebase%2fapp-check-interop-types 4594ms (cache miss)
285 silly packumentCache full:https://registry.npmjs.org/@firebase%2fapp-check-interop-types set size:undefined disposed:false
286 silly fetch manifest @firebase/component@0.7.3
287 silly packumentCache full:https://registry.npmjs.org/@firebase%2fcomponent cache-miss
288 http fetch GET 200 https://registry.npmjs.org/@firebase%2fcomponent 8893ms (cache miss)
289 silly packumentCache full:https://registry.npmjs.org/@firebase%2fcomponent set size:undefined disposed:false
290 silly fetch manifest @firebase/analytics-types@0.8.4
291 silly packumentCache full:https://registry.npmjs.org/@firebase%2fanalytics-types cache-miss
292 http fetch GET 200 https://registry.npmjs.org/@firebase%2fcomponent 8996ms (cache miss)
293 silly packumentCache full:https://registry.npmjs.org/@firebase%2fcomponent set size:undefined disposed:false
294 silly fetch manifest @firebase/logger@0.5.1
295 silly packumentCache full:https://registry.npmjs.org/@firebase%2flogger cache-miss
296 http fetch GET 200 https://registry.npmjs.org/@firebase%2flogger 11572ms (cache miss)
297 silly packumentCache full:https://registry.npmjs.org/@firebase%2flogger set size:undefined disposed:false
298 silly fetch manifest @firebase/app-check-types@0.5.4
299 silly packumentCache full:https://registry.npmjs.org/@firebase%2fapp-check-types cache-miss
300 http fetch GET 200 https://registry.npmjs.org/@firebase%2flogger 11687ms (cache miss)
301 silly packumentCache full:https://registry.npmjs.org/@firebase%2flogger set size:undefined disposed:false
302 silly fetch manifest @firebase/auth-types@0.13.1
303 silly packumentCache full:https://registry.npmjs.org/@firebase%2fauth-types cache-miss
304 http fetch GET 200 https://registry.npmjs.org/@firebase%2flogger 11771ms (cache miss)
305 silly packumentCache full:https://registry.npmjs.org/@firebase%2flogger set size:undefined disposed:false
306 silly fetch manifest @firebase/auth-interop-types@0.2.5
307 silly packumentCache full:https://registry.npmjs.org/@firebase%2fauth-interop-types cache-miss
308 http fetch GET 200 https://registry.npmjs.org/@firebase%2flogger 11516ms (cache miss)
309 silly packumentCache full:https://registry.npmjs.org/@firebase%2flogger set size:undefined disposed:false
310 silly fetch manifest faye-websocket@0.11.4
311 silly packumentCache full:https://registry.npmjs.org/faye-websocket cache-miss
312 http fetch GET 200 https://registry.npmjs.org/faye-websocket 658ms (cache miss)
313 silly packumentCache full:https://registry.npmjs.org/faye-websocket set size:undefined disposed:false
314 silly fetch manifest @firebase/auth-interop-types@0.2.5
315 silly packumentCache full:https://registry.npmjs.org/@firebase%2fauth-interop-types cache-miss
316 http fetch GET 200 https://registry.npmjs.org/@firebase%2fcomponent 8648ms (cache miss)
317 silly packumentCache full:https://registry.npmjs.org/@firebase%2fcomponent set size:undefined disposed:false
318 silly fetch manifest @firebase/database-types@1.0.20
319 silly packumentCache full:https://registry.npmjs.org/@firebase%2fdatabase-types cache-miss
320 http fetch GET 200 https://registry.npmjs.org/@firebase%2fapp-check-types 3650ms (cache miss)
321 silly packumentCache full:https://registry.npmjs.org/@firebase%2fapp-check-types set size:undefined disposed:false
322 silly fetch manifest @firebase/webchannel-wrapper@1.0.6
323 silly packumentCache full:https://registry.npmjs.org/@firebase%2fwebchannel-wrapper cache-miss
324 http fetch GET 200 https://registry.npmjs.org/@firebase%2fanalytics-types 7002ms (cache miss)
325 silly packumentCache full:https://registry.npmjs.org/@firebase%2fanalytics-types set size:undefined disposed:false
326 silly fetch manifest @grpc/grpc-js@~1.9.0
327 silly packumentCache full:https://registry.npmjs.org/@grpc%2fgrpc-js cache-miss
328 http fetch GET 200 https://registry.npmjs.org/@grpc%2fgrpc-js 1039ms (cache miss)
329 silly packumentCache full:https://registry.npmjs.org/@grpc%2fgrpc-js set size:undefined disposed:false
330 silly fetch manifest @grpc/proto-loader@^0.7.8
331 silly packumentCache full:https://registry.npmjs.org/@grpc%2fproto-loader cache-miss
332 http fetch GET 200 https://registry.npmjs.org/@firebase%2fauth-interop-types 6357ms (cache miss)
333 silly packumentCache full:https://registry.npmjs.org/@firebase%2fauth-interop-types set size:undefined disposed:false
334 silly fetch manifest @firebase/firestore-types@3.0.4
335 silly packumentCache full:https://registry.npmjs.org/@firebase%2ffirestore-types cache-miss
336 http fetch GET 200 https://registry.npmjs.org/@grpc%2fproto-loader 1623ms (cache miss)
337 silly packumentCache full:https://registry.npmjs.org/@grpc%2fproto-loader set size:undefined disposed:false
338 silly fetch manifest @firebase/messaging-interop-types@0.2.5
339 silly packumentCache full:https://registry.npmjs.org/@firebase%2fmessaging-interop-types cache-miss
340 http fetch GET 200 https://registry.npmjs.org/@firebase%2fauth-interop-types 6051ms (cache miss)
341 silly packumentCache full:https://registry.npmjs.org/@firebase%2fauth-interop-types set size:undefined disposed:false
342 silly fetch manifest @firebase/functions-types@0.6.4
343 silly packumentCache full:https://registry.npmjs.org/@firebase%2ffunctions-types cache-miss
344 http fetch GET 200 https://registry.npmjs.org/@firebase%2flogger 11134ms (cache miss)
345 silly packumentCache full:https://registry.npmjs.org/@firebase%2flogger set size:undefined disposed:false
346 silly fetch manifest @firebase/installations-types@0.5.4
347 silly packumentCache full:https://registry.npmjs.org/@firebase%2finstallations-types cache-miss
348 http fetch GET 200 https://registry.npmjs.org/@firebase%2fauth-types 8807ms (cache miss)
349 silly packumentCache full:https://registry.npmjs.org/@firebase%2fauth-types set size:undefined disposed:false
350 silly fetch manifest @firebase/messaging-interop-types@0.2.5
351 silly packumentCache full:https://registry.npmjs.org/@firebase%2fmessaging-interop-types cache-miss
352 http fetch GET 200 https://registry.npmjs.org/@firebase%2fmessaging-interop-types 3594ms (cache miss)
353 silly packumentCache full:https://registry.npmjs.org/@firebase%2fmessaging-interop-types set size:undefined disposed:false
354 silly fetch manifest web-vitals@^4.2.4
355 silly packumentCache full:https://registry.npmjs.org/web-vitals cache-miss
356 http fetch GET 200 https://registry.npmjs.org/@firebase%2fdatabase-types 8980ms (cache miss)
357 silly packumentCache full:https://registry.npmjs.org/@firebase%2fdatabase-types set size:undefined disposed:false
358 silly fetch manifest @firebase/performance-types@0.2.4
359 silly packumentCache full:https://registry.npmjs.org/@firebase%2fperformance-types cache-miss
360 http fetch GET 200 https://registry.npmjs.org/web-vitals 1059ms (cache miss)
361 silly packumentCache full:https://registry.npmjs.org/web-vitals set size:undefined disposed:false
362 silly fetch manifest @firebase/remote-config-types@0.5.1
363 silly packumentCache full:https://registry.npmjs.org/@firebase%2fremote-config-types cache-miss
364 http fetch GET 200 https://registry.npmjs.org/@firebase%2fmessaging-interop-types 3068ms (cache miss)
365 silly packumentCache full:https://registry.npmjs.org/@firebase%2fmessaging-interop-types set size:undefined disposed:false
366 silly fetch manifest @firebase/storage-types@0.8.4
367 silly packumentCache full:https://registry.npmjs.org/@firebase%2fstorage-types cache-miss
368 http fetch GET 200 https://registry.npmjs.org/@firebase%2fwebchannel-wrapper 9883ms (cache miss)
369 silly packumentCache full:https://registry.npmjs.org/@firebase%2fwebchannel-wrapper set size:undefined disposed:false
370 http fetch GET 200 https://registry.npmjs.org/@firebase%2ffirestore-types 9191ms (cache miss)
371 silly packumentCache full:https://registry.npmjs.org/@firebase%2ffirestore-types set size:undefined disposed:false
372 http fetch GET 200 https://registry.npmjs.org/@firebase%2ffunctions-types 8658ms (cache miss)
373 silly packumentCache full:https://registry.npmjs.org/@firebase%2ffunctions-types set size:undefined disposed:false
374 http fetch GET 200 https://registry.npmjs.org/@firebase%2finstallations-types 7537ms (cache miss)
375 silly packumentCache full:https://registry.npmjs.org/@firebase%2finstallations-types set size:undefined disposed:false
376 http fetch GET 200 https://registry.npmjs.org/@firebase%2fremote-config-types 5401ms (cache miss)
377 silly packumentCache full:https://registry.npmjs.org/@firebase%2fremote-config-types set size:undefined disposed:false
378 http fetch GET 200 https://registry.npmjs.org/@firebase%2fperformance-types 6382ms (cache miss)
379 silly packumentCache full:https://registry.npmjs.org/@firebase%2fperformance-types set size:undefined disposed:false
380 http fetch GET 200 https://registry.npmjs.org/@firebase%2fstorage-types 5289ms (cache miss)
381 silly packumentCache full:https://registry.npmjs.org/@firebase%2fstorage-types set size:undefined disposed:false
382 silly placeDep ROOT @firebase/app-check-interop-types@0.3.4 OK for: @firebase/ai@2.13.0 want: 0.3.4
383 silly placeDep ROOT @firebase/component@0.7.3 OK for: @firebase/ai@2.13.0 want: 0.7.3
384 silly placeDep ROOT @firebase/logger@0.5.1 OK for: @firebase/ai@2.13.0 want: 0.5.1
385 silly placeDep ROOT @firebase/analytics-types@0.8.4 OK for: @firebase/analytics-compat@0.2.28 want: 0.8.4
386 silly placeDep ROOT idb@7.1.1 OK for: @firebase/app@0.14.13 want: 7.1.1
387 silly placeDep ROOT @firebase/app-check-types@0.5.4 OK for: @firebase/app-check-compat@0.4.4 want: 0.5.4
388 silly fetch manifest @firebase/app-types@0.x
389 silly packumentCache full:https://registry.npmjs.org/@firebase%2fapp-types cache-miss
390 http cache https://registry.npmjs.org/@firebase%2fapp-types 164ms (cache hit)
391 silly packumentCache full:https://registry.npmjs.org/@firebase%2fapp-types set size:8587124 disposed:false
392 silly placeDep ROOT @firebase/auth-types@0.13.1 OK for: @firebase/auth-compat@0.6.7 want: 0.13.1
393 silly placeDep ROOT @firebase/auth-interop-types@0.2.5 OK for: @firebase/data-connect@0.7.1 want: 0.2.5
394 silly placeDep ROOT faye-websocket@0.11.4 OK for: @firebase/database@1.1.3 want: 0.11.4
395 silly fetch manifest websocket-driver@>=0.5.1
396 silly packumentCache full:https://registry.npmjs.org/websocket-driver cache-miss
397 http fetch GET 200 https://registry.npmjs.org/websocket-driver 152ms (cache miss)
398 silly packumentCache full:https://registry.npmjs.org/websocket-driver set size:undefined disposed:false
399 silly placeDep ROOT @firebase/database-types@1.0.20 OK for: @firebase/database-compat@2.1.4 want: 1.0.20
400 silly placeDep ROOT @firebase/webchannel-wrapper@1.0.6 OK for: @firebase/firestore@4.15.0 want: 1.0.6
401 silly placeDep ROOT @grpc/grpc-js@1.9.16 OK for: @firebase/firestore@4.15.0 want: ~1.9.0
402 silly placeDep ROOT @grpc/proto-loader@0.7.15 OK for: @firebase/firestore@4.15.0 want: ^0.7.8
403 silly fetch manifest long@^5.0.0
404 silly packumentCache full:https://registry.npmjs.org/long cache-miss
405 silly fetch manifest protobufjs@^7.2.5
406 silly packumentCache full:https://registry.npmjs.org/protobufjs cache-miss
407 silly fetch manifest lodash.camelcase@^4.3.0
408 silly packumentCache full:https://registry.npmjs.org/lodash.camelcase cache-miss
409 http fetch GET 200 https://registry.npmjs.org/lodash.camelcase 260ms (cache miss)
410 silly packumentCache full:https://registry.npmjs.org/lodash.camelcase set size:undefined disposed:false
411 http fetch GET 200 https://registry.npmjs.org/long 305ms (cache miss)
412 silly packumentCache full:https://registry.npmjs.org/long set size:undefined disposed:false
413 http fetch GET 200 https://registry.npmjs.org/protobufjs 350ms (cache miss)
414 silly packumentCache full:https://registry.npmjs.org/protobufjs set size:undefined disposed:false
415 silly placeDep ROOT @firebase/firestore-types@3.0.4 OK for: @firebase/firestore-compat@0.4.10 want: 3.0.4
416 silly placeDep ROOT @firebase/messaging-interop-types@0.2.5 OK for: @firebase/functions@0.13.5 want: 0.2.5
417 silly placeDep ROOT @firebase/functions-types@0.6.4 OK for: @firebase/functions-compat@0.4.5 want: 0.6.4
418 silly placeDep ROOT @firebase/installations-types@0.5.4 OK for: @firebase/installations-compat@0.2.22 want: 0.5.4
419 silly placeDep ROOT web-vitals@4.2.4 OK for: @firebase/performance@0.7.12 want: ^4.2.4
420 silly placeDep ROOT @firebase/performance-types@0.2.4 OK for: @firebase/performance-compat@0.2.25 want: 0.2.4
421 silly placeDep ROOT @firebase/remote-config-types@0.5.1 OK for: @firebase/remote-config-compat@0.2.25 want: 0.5.1
422 silly placeDep ROOT @firebase/storage-types@0.8.4 OK for: @firebase/storage-compat@0.4.3 want: 0.8.4
423 silly placeDep ROOT lodash.camelcase@4.3.0 OK for: @grpc/proto-loader@0.7.15 want: ^4.3.0
424 silly placeDep ROOT long@5.3.2 OK for: @grpc/proto-loader@0.7.15 want: ^5.0.0
425 silly placeDep ROOT protobufjs@7.6.3 OK for: @grpc/proto-loader@0.7.15 want: ^7.2.5
426 silly fetch manifest @protobufjs/aspromise@^1.1.2
427 silly packumentCache full:https://registry.npmjs.org/@protobufjs%2faspromise cache-miss
428 silly fetch manifest @protobufjs/base64@^1.1.2
429 silly packumentCache full:https://registry.npmjs.org/@protobufjs%2fbase64 cache-miss
430 silly fetch manifest @protobufjs/codegen@^2.0.5
431 silly packumentCache full:https://registry.npmjs.org/@protobufjs%2fcodegen cache-miss
432 silly fetch manifest @protobufjs/eventemitter@^1.1.1
433 silly packumentCache full:https://registry.npmjs.org/@protobufjs%2feventemitter cache-miss
434 silly fetch manifest @protobufjs/fetch@^1.1.1
435 silly packumentCache full:https://registry.npmjs.org/@protobufjs%2ffetch cache-miss
436 silly fetch manifest @protobufjs/float@^1.0.2
437 silly packumentCache full:https://registry.npmjs.org/@protobufjs%2ffloat cache-miss
438 silly fetch manifest @protobufjs/inquire@^1.1.2
439 silly packumentCache full:https://registry.npmjs.org/@protobufjs%2finquire cache-miss
440 http fetch GET 200 https://registry.npmjs.org/@protobufjs%2fbase64 473ms (cache miss)
441 silly packumentCache full:https://registry.npmjs.org/@protobufjs%2fbase64 set size:undefined disposed:false
442 silly fetch manifest @protobufjs/path@^1.1.2
443 silly packumentCache full:https://registry.npmjs.org/@protobufjs%2fpath cache-miss
444 http fetch GET 200 https://registry.npmjs.org/@protobufjs%2feventemitter 503ms (cache miss)
445 silly packumentCache full:https://registry.npmjs.org/@protobufjs%2feventemitter set size:undefined disposed:false
446 silly fetch manifest @protobufjs/pool@^1.1.0
447 silly packumentCache full:https://registry.npmjs.org/@protobufjs%2fpool cache-miss
448 http fetch GET 200 https://registry.npmjs.org/@protobufjs%2ffloat 507ms (cache miss)
449 silly packumentCache full:https://registry.npmjs.org/@protobufjs%2ffloat set size:undefined disposed:false
450 silly fetch manifest @protobufjs/utf8@^1.1.1
451 silly packumentCache full:https://registry.npmjs.org/@protobufjs%2futf8 cache-miss
452 http fetch GET 200 https://registry.npmjs.org/@protobufjs%2finquire 510ms (cache miss)
453 silly packumentCache full:https://registry.npmjs.org/@protobufjs%2finquire set size:undefined disposed:false
454 http fetch GET 200 https://registry.npmjs.org/@protobufjs%2ffetch 519ms (cache miss)
455 silly packumentCache full:https://registry.npmjs.org/@protobufjs%2ffetch set size:undefined disposed:false
456 http fetch GET 200 https://registry.npmjs.org/@protobufjs%2fcodegen 652ms (cache miss)
457 silly packumentCache full:https://registry.npmjs.org/@protobufjs%2fcodegen set size:undefined disposed:false
458 http fetch GET 200 https://registry.npmjs.org/@protobufjs%2faspromise 673ms (cache miss)
459 silly packumentCache full:https://registry.npmjs.org/@protobufjs%2faspromise set size:undefined disposed:false
460 http fetch GET 200 https://registry.npmjs.org/@protobufjs%2futf8 279ms (cache miss)
461 silly packumentCache full:https://registry.npmjs.org/@protobufjs%2futf8 set size:undefined disposed:false
462 http fetch GET 200 https://registry.npmjs.org/@protobufjs%2fpool 324ms (cache miss)
463 silly packumentCache full:https://registry.npmjs.org/@protobufjs%2fpool set size:undefined disposed:false
464 http fetch GET 200 https://registry.npmjs.org/@protobufjs%2fpath 359ms (cache miss)
465 silly packumentCache full:https://registry.npmjs.org/@protobufjs%2fpath set size:undefined disposed:false
466 silly placeDep ROOT websocket-driver@0.7.5 OK for: faye-websocket@0.11.4 want: >=0.5.1
467 silly fetch manifest http-parser-js@>=0.5.1
468 silly packumentCache full:https://registry.npmjs.org/http-parser-js cache-miss
469 silly fetch manifest websocket-extensions@>=0.1.1
470 silly packumentCache full:https://registry.npmjs.org/websocket-extensions cache-miss
471 http fetch GET 200 https://registry.npmjs.org/http-parser-js 216ms (cache miss)
472 silly packumentCache full:https://registry.npmjs.org/http-parser-js set size:undefined disposed:false
473 http fetch GET 200 https://registry.npmjs.org/websocket-extensions 217ms (cache miss)
474 silly packumentCache full:https://registry.npmjs.org/websocket-extensions set size:undefined disposed:false
475 silly placeDep ROOT @protobufjs/aspromise@1.1.2 OK for: protobufjs@7.6.3 want: ^1.1.2
476 silly placeDep ROOT @protobufjs/base64@1.1.2 OK for: protobufjs@7.6.3 want: ^1.1.2
477 silly placeDep ROOT @protobufjs/codegen@2.0.5 OK for: protobufjs@7.6.3 want: ^2.0.5
478 silly placeDep ROOT @protobufjs/eventemitter@1.1.1 OK for: protobufjs@7.6.3 want: ^1.1.1
479 silly placeDep ROOT @protobufjs/fetch@1.1.1 OK for: protobufjs@7.6.3 want: ^1.1.1
480 silly placeDep ROOT @protobufjs/float@1.0.2 OK for: protobufjs@7.6.3 want: ^1.0.2
481 silly placeDep ROOT @protobufjs/inquire@1.1.2 OK for: protobufjs@7.6.3 want: ^1.1.2
482 silly placeDep ROOT @protobufjs/path@1.1.2 OK for: protobufjs@7.6.3 want: ^1.1.2
483 silly placeDep ROOT @protobufjs/pool@1.1.0 OK for: protobufjs@7.6.3 want: ^1.1.0
484 silly placeDep ROOT @protobufjs/utf8@1.1.1 OK for: protobufjs@7.6.3 want: ^1.1.1
485 silly placeDep node_modules/react-dom scheduler@0.27.0 OK for: react-dom@19.2.7 want: ^0.27.0
486 silly placeDep ROOT http-parser-js@0.5.10 OK for: websocket-driver@0.7.5 want: >=0.5.1
487 silly placeDep ROOT websocket-extensions@0.1.4 OK for: websocket-driver@0.7.5 want: >=0.1.1
488 silly reify moves {}
489 silly audit bulk request {
489 silly audit   '@0no-co/graphql.web': [ '1.2.0' ],
489 silly audit   '@babel/code-frame': [ '7.29.7', '7.10.4' ],
489 silly audit   '@babel/compat-data': [ '7.29.7' ],
489 silly audit   '@babel/core': [ '7.29.0' ],
489 silly audit   '@babel/generator': [ '7.29.7' ],
489 silly audit   '@babel/helper-annotate-as-pure': [ '7.29.7' ],
489 silly audit   '@babel/helper-compilation-targets': [ '7.29.7' ],
489 silly audit   '@babel/helper-create-class-features-plugin': [ '7.29.7' ],
489 silly audit   '@babel/helper-create-regexp-features-plugin': [ '7.29.7' ],
489 silly audit   '@babel/helper-define-polyfill-provider': [ '0.6.8' ],
489 silly audit   '@babel/helper-globals': [ '7.29.7' ],
489 silly audit   '@babel/helper-member-expression-to-functions': [ '7.29.7' ],
489 silly audit   '@babel/helper-module-imports': [ '7.29.7' ],
489 silly audit   '@babel/helper-module-transforms': [ '7.28.6' ],
489 silly audit   '@babel/helper-optimise-call-expression': [ '7.29.7' ],
489 silly audit   '@babel/helper-plugin-utils': [ '7.29.7' ],
489 silly audit   '@babel/helper-remap-async-to-generator': [ '7.29.7' ],
489 silly audit   '@babel/helper-replace-supers': [ '7.29.7' ],
489 silly audit   '@babel/helper-skip-transparent-expression-wrappers': [ '7.29.7' ],
489 silly audit   '@babel/helper-string-parser': [ '7.29.7' ],
489 silly audit   '@babel/helper-validator-identifier': [ '7.29.7' ],
489 silly audit   '@babel/helper-validator-option': [ '7.29.7' ],
489 silly audit   '@babel/helper-wrap-function': [ '7.29.7' ],
489 silly audit   '@babel/helpers': [ '7.29.2' ],
489 silly audit   '@babel/highlight': [ '7.25.9' ],
489 silly audit   'ansi-styles': [ '3.2.1', '4.3.0', '5.2.0' ],
489 silly audit   chalk: [ '2.4.2', '4.1.2' ],
489 silly audit   'color-convert': [ '1.9.3', '2.0.1' ],
489 silly audit   'color-name': [ '1.1.3', '1.1.4' ],
489 silly audit   'escape-string-regexp': [ '1.0.5', '4.0.0', '2.0.0' ],
489 silly audit   'has-flag': [ '3.0.0', '4.0.0' ],
489 silly audit   'supports-color': [ '5.5.0', '8.1.1', '7.2.0' ],
489 silly audit   '@babel/parser': [ '7.29.7' ],
489 silly audit   '@babel/plugin-proposal-decorators': [ '7.29.7' ],
489 silly audit   '@babel/plugin-proposal-export-default-from': [ '7.29.7' ],
489 silly audit   '@babel/plugin-syntax-async-generators': [ '7.8.4' ],
489 silly audit   '@babel/plugin-syntax-bigint': [ '7.8.3' ],
489 silly audit   '@babel/plugin-syntax-class-properties': [ '7.12.13' ],
489 silly audit   '@babel/plugin-syntax-class-static-block': [ '7.14.5' ],
489 silly audit   '@babel/plugin-syntax-decorators': [ '7.29.7' ],
489 silly audit   '@babel/plugin-syntax-dynamic-import': [ '7.8.3' ],
489 silly audit   '@babel/plugin-syntax-export-default-from': [ '7.29.7' ],
489 silly audit   '@babel/plugin-syntax-flow': [ '7.29.7' ],
489 silly audit   '@babel/plugin-syntax-import-attributes': [ '7.28.6' ],
489 silly audit   '@babel/plugin-syntax-import-meta': [ '7.10.4' ],
489 silly audit   '@babel/plugin-syntax-json-strings': [ '7.8.3' ],
489 silly audit   '@babel/plugin-syntax-jsx': [ '7.29.7' ],
489 silly audit   '@babel/plugin-syntax-logical-assignment-operators': [ '7.10.4' ],
489 silly audit   '@babel/plugin-syntax-nullish-coalescing-operator': [ '7.8.3' ],
489 silly audit   '@babel/plugin-syntax-numeric-separator': [ '7.10.4' ],
489 silly audit   '@babel/plugin-syntax-object-rest-spread': [ '7.8.3' ],
489 silly audit   '@babel/plugin-syntax-optional-catch-binding': [ '7.8.3' ],
489 silly audit   '@babel/plugin-syntax-optional-chaining': [ '7.8.3' ],
489 silly audit   '@babel/plugin-syntax-private-property-in-object': [ '7.14.5' ],
489 silly audit   '@babel/plugin-syntax-top-level-await': [ '7.14.5' ],
489 silly audit   '@babel/plugin-syntax-typescript': [ '7.28.6' ],
489 silly audit   '@babel/plugin-transform-arrow-functions': [ '7.27.1' ],
489 silly audit   '@babel/plugin-transform-async-generator-functions': [ '7.29.7' ],
489 silly audit   '@babel/plugin-transform-async-to-generator': [ '7.29.7' ],
489 silly audit   '@babel/plugin-transform-block-scoping': [ '7.29.7' ],
489 silly audit   '@babel/plugin-transform-class-properties': [ '7.28.6' ],
489 silly audit   '@babel/plugin-transform-class-static-block': [ '7.29.7' ],
489 silly audit   '@babel/plugin-transform-classes': [ '7.28.6' ],
489 silly audit   '@babel/plugin-transform-computed-properties': [ '7.29.7' ],
489 silly audit   '@babel/plugin-transform-destructuring': [ '7.29.7' ],
489 silly audit   '@babel/plugin-transform-export-namespace-from': [ '7.29.7' ],
489 silly audit   '@babel/plugin-transform-flow-strip-types': [ '7.29.7' ],
489 silly audit   '@babel/plugin-transform-for-of': [ '7.29.7' ],
489 silly audit   '@babel/plugin-transform-function-name': [ '7.29.7' ],
489 silly audit   '@babel/plugin-transform-literals': [ '7.29.7' ],
489 silly audit   '@babel/plugin-transform-logical-assignment-operators': [ '7.29.7' ],
489 silly audit   '@babel/plugin-transform-modules-commonjs': [ '7.28.6' ],
489 silly audit   '@babel/plugin-transform-named-capturing-groups-regex': [ '7.29.7' ],
489 silly audit   '@babel/plugin-transform-nullish-coalescing-operator': [ '7.28.6' ],
489 silly audit   '@babel/plugin-transform-numeric-separator': [ '7.29.7' ],
489 silly audit   '@babel/plugin-transform-object-rest-spread': [ '7.29.7' ],
489 silly audit   '@babel/plugin-transform-optional-catch-binding': [ '7.29.7' ],
489 silly audit   '@babel/plugin-transform-optional-chaining': [ '7.28.6' ],
489 silly audit   '@babel/plugin-transform-parameters': [ '7.29.7' ],
489 silly audit   '@babel/plugin-transform-private-methods': [ '7.29.7' ],
489 silly audit   '@babel/plugin-transform-private-property-in-object': [ '7.29.7' ],
489 silly audit   '@babel/plugin-transform-react-display-name': [ '7.29.7' ],
489 silly audit   '@babel/plugin-transform-react-jsx': [ '7.29.7' ],
489 silly audit   '@babel/plugin-transform-react-jsx-development': [ '7.29.7' ],
489 silly audit   '@babel/plugin-transform-react-jsx-self': [ '7.29.7' ],
489 silly audit   '@babel/plugin-transform-react-jsx-source': [ '7.29.7' ],
489 silly audit   '@babel/plugin-transform-react-pure-annotations': [ '7.29.7' ],
489 silly audit   '@babel/plugin-transform-regenerator': [ '7.29.7' ],
489 silly audit   '@babel/plugin-transform-runtime': [ '7.29.7' ],
489 silly audit   '@babel/plugin-transform-shorthand-properties': [ '7.27.1' ],
489 silly audit   '@babel/plugin-transform-spread': [ '7.29.7' ],
489 silly audit   '@babel/plugin-transform-sticky-regex': [ '7.29.7' ],
489 silly audit   '@babel/plugin-transform-template-literals': [ '7.29.7' ],
489 silly audit   '@babel/plugin-transform-typescript': [ '7.28.6' ],
489 silly audit   '@babel/plugin-transform-unicode-regex': [ '7.27.1' ],
489 silly audit   '@babel/preset-react': [ '7.29.7' ],
489 silly audit   '@babel/preset-typescript': [ '7.28.5' ],
489 silly audit   '@babel/runtime': [ '7.29.2' ],
489 silly audit   '@babel/template': [ '7.29.7' ],
489 silly audit   '@babel/traverse': [ '7.29.7', '7.29.0' ],
489 silly audit   '@babel/types': [ '7.29.7' ],
489 silly audit   '@callstack/react-theme-provider': [ '3.0.9' ],
489 silly audit   deepmerge: [ '3.3.0', '4.3.1' ],
489 silly audit   '@expo/code-signing-certificates': [ '0.0.6' ],
489 silly audit   '@expo/config': [ '12.0.13' ],
489 silly audit   '@expo/config-plugins': [ '54.0.4' ],
489 silly audit   '@expo/json-file': [ '10.0.15', '10.2.0' ],
489 silly audit   semver: [ '7.8.1', '7.6.3', '7.7.2', '6.3.1' ],
489 silly audit   '@expo/config-types': [ '54.0.10' ],
489 silly audit   '@expo/devcert': [ '1.2.1' ],
489 silly audit   debug: [ '3.2.7', '2.6.9', '4.4.3' ],
489 silly audit   '@expo/devtools': [ '0.1.8' ],
489 silly audit   '@expo/env': [ '2.0.11' ],
489 silly audit   '@expo/fingerprint': [ '0.15.5' ],
489 silly audit   'balanced-match': [ '4.0.4', '1.0.2' ],
489 silly audit   'brace-expansion': [ '5.0.6', '1.1.15', '2.1.0', '1.1.14' ],
489 silly audit   minimatch: [ '10.2.5', '3.1.5', '9.0.9' ],
489 silly audit   '@expo/image-utils': [ '0.8.14' ],
489 silly audit   '@expo/metro': [ '54.2.0' ],
489 silly audit   '@expo/metro-runtime': [ '6.1.2' ],
489 silly audit   'ci-info': [ '2.0.0', '3.9.0' ],
489 silly audit   'hermes-estree': [ '0.32.0', '0.29.1', '0.35.0' ],
489 silly audit   'hermes-parser': [ '0.32.0', '0.29.1', '0.35.0' ],
489 silly audit   metro: [ '0.83.3', '0.83.7' ],
489 silly audit   'metro-babel-transformer': [ '0.83.3', '0.83.7' ],
489 silly audit   'metro-cache': [ '0.83.3', '0.83.7' ],
489 silly audit   'metro-cache-key': [ '0.83.3', '0.83.7' ],
489 silly audit   'metro-config': [ '0.83.3', '0.83.7' ],
489 silly audit   'metro-core': [ '0.83.3', '0.83.7' ],
489 silly audit   'metro-file-map': [ '0.83.3', '0.83.7' ],
489 silly audit   'metro-minify-terser': [ '0.83.3', '0.83.7' ],
489 silly audit   'metro-resolver': [ '0.83.3', '0.83.7' ],
489 silly audit   'metro-runtime': [ '0.83.3', '0.83.7' ],
489 silly audit   'metro-source-map': [ '0.83.3', '0.83.7' ],
489 silly audit   'metro-symbolicate': [ '0.83.3', '0.83.7' ],
489 silly audit   'metro-transform-plugins': [ '0.83.3', '0.83.7' ],
489 silly audit   'metro-transform-worker': [ '0.83.3', '0.83.7' ],
489 silly audit   ob1: [ '0.83.3', '0.83.7' ],
489 silly audit   '@expo/osascript': [ '2.6.0' ],
489 silly audit   '@expo/package-manager': [ '1.12.0' ],
489 silly audit   '@expo/plist': [ '0.4.8' ],
489 silly audit   '@expo/require-utils': [ '55.0.5' ],
489 silly audit   '@expo/schema-utils': [ '0.1.8' ],
489 silly audit   '@expo/sdk-runtime-versions': [ '1.0.0' ],
489 silly audit   '@expo/spawn-async': [ '1.8.0' ],
489 silly audit   '@expo/sudo-prompt': [ '9.3.2' ],
489 silly audit   '@expo/vector-icons': [ '15.1.1' ],
489 silly audit   '@expo/ws-tunnel': [ '1.0.6' ],
489 silly audit   '@expo/xcpretty': [ '4.4.4' ],
489 silly audit   '@isaacs/fs-minipass': [ '4.0.1' ],
489 silly audit   '@isaacs/ttlcache': [ '1.4.1' ],
489 silly audit   '@istanbuljs/load-nyc-config': [ '1.1.0' ],
489 silly audit   argparse: [ '1.0.10', '2.0.1' ],
489 silly audit   'find-up': [ '4.1.0' ],
489 silly audit   'js-yaml': [ '3.14.2', '4.1.1' ],
489 silly audit   'locate-path': [ '5.0.0' ],
489 silly audit   'p-limit': [ '2.3.0', '3.1.0' ],
489 silly audit   'p-locate': [ '4.1.0' ],
489 silly audit   '@istanbuljs/schema': [ '0.1.6' ],
489 silly audit   '@jest/create-cache-key-function': [ '29.7.0' ],
489 silly audit   '@jest/environment': [ '29.7.0' ],
489 silly audit   '@jest/fake-timers': [ '29.7.0' ],
489 silly audit   '@jest/schemas': [ '29.6.3' ],
489 silly audit   '@jest/transform': [ '29.7.0' ],
489 silly audit   '@jest/types': [ '29.6.3' ],
489 silly audit   '@jridgewell/gen-mapping': [ '0.3.13' ],
489 silly audit   '@jridgewell/remapping': [ '2.3.5' ],
489 silly audit   '@jridgewell/resolve-uri': [ '3.1.2' ],
489 silly audit   '@jridgewell/source-map': [ '0.3.11' ],
489 silly audit   '@jridgewell/sourcemap-codec': [ '1.5.5' ],
489 silly audit   '@jridgewell/trace-mapping': [ '0.3.31' ],
489 silly audit   '@radix-ui/primitive': [ '1.1.3' ],
489 silly audit   '@radix-ui/react-collection': [ '1.1.7' ],
489 silly audit   '@radix-ui/react-slot': [ '1.2.3', '1.2.0' ],
489 silly audit   '@radix-ui/react-compose-refs': [ '1.1.2' ],
489 silly audit   '@radix-ui/react-context': [ '1.1.2' ],
489 silly audit   '@radix-ui/react-dialog': [ '1.1.15' ],
489 silly audit   '@radix-ui/react-direction': [ '1.1.1' ],
489 silly audit   '@radix-ui/react-dismissable-layer': [ '1.1.11' ],
489 silly audit   '@radix-ui/react-focus-guards': [ '1.1.3' ],
489 silly audit   '@radix-ui/react-focus-scope': [ '1.1.7' ],
489 silly audit   '@radix-ui/react-id': [ '1.1.1' ],
489 silly audit   '@radix-ui/react-portal': [ '1.1.9' ],
489 silly audit   '@radix-ui/react-presence': [ '1.1.5' ],
489 silly audit   '@radix-ui/react-primitive': [ '2.1.3' ],
489 silly audit   '@radix-ui/react-roving-focus': [ '1.1.11' ],
489 silly audit   '@radix-ui/react-tabs': [ '1.1.13' ],
489 silly audit   '@radix-ui/react-use-callback-ref': [ '1.1.1' ],
489 silly audit   '@radix-ui/react-use-controllable-state': [ '1.2.2' ],
489 silly audit   '@radix-ui/react-use-effect-event': [ '0.0.2' ],
489 silly audit   '@radix-ui/react-use-escape-keydown': [ '1.1.1' ],
489 silly audit   '@radix-ui/react-use-layout-effect': [ '1.1.1' ],
489 silly audit   '@react-native-async-storage/async-storage': [ '2.2.0' ],
489 silly audit   '@react-native/assets-registry': [ '0.81.5' ],
489 silly audit   '@react-native/babel-plugin-codegen': [ '0.81.5' ],
489 silly audit   '@react-native/babel-preset': [ '0.81.5' ],
489 silly audit   '@react-native/codegen': [ '0.81.5' ],
489 silly audit   glob: [ '7.2.3', '13.0.6' ],
489 silly audit   '@react-native/community-cli-plugin': [ '0.81.5' ],
489 silly audit   '@react-native/debugger-frontend': [ '0.81.5' ],
489 silly audit   '@react-native/dev-middleware': [ '0.81.5' ],
489 silly audit   ws: [ '6.2.4', '8.21.0', '6.2.3', '7.5.11' ],
489 silly audit   '@react-native/gradle-plugin': [ '0.81.5' ],
489 silly audit   '@react-native/js-polyfills': [ '0.81.5' ],
489 silly audit   '@react-native/normalize-colors': [ '0.81.5' ],
489 silly audit   '@react-native/virtualized-lists': [ '0.81.5' ],
489 silly audit   '@react-navigation/bottom-tabs': [ '7.16.1' ],
489 silly audit   '@react-navigation/core': [ '7.17.4' ],
489 silly audit   'react-is': [ '19.2.6', '16.13.1', '18.3.1' ],
489 silly audit   '@react-navigation/elements': [ '2.9.18' ],
489 silly audit   '@react-navigation/native': [ '7.2.4' ],
489 silly audit   '@react-navigation/native-stack': [ '7.15.1' ],
489 silly audit   '@react-navigation/routers': [ '7.5.5' ],
489 silly audit   '@shopify/flash-list': [ '2.0.2' ],
489 silly audit   '@sinclair/typebox': [ '0.27.10' ],
489 silly audit   '@sinonjs/commons': [ '3.0.1' ],
489 silly audit   '@sinonjs/fake-timers': [ '10.3.0' ],
489 silly audit   '@types/babel__core': [ '7.20.5' ],
489 silly audit   '@types/babel__generator': [ '7.27.0' ],
489 silly audit   '@types/babel__template': [ '7.4.4' ],
489 silly audit   '@types/babel__traverse': [ '7.28.0' ],
489 silly audit   '@types/graceful-fs': [ '4.1.9' ],
489 silly audit   '@types/istanbul-lib-coverage': [ '2.0.6' ],
489 silly audit   '@types/istanbul-lib-report': [ '3.0.3' ],
489 silly audit   '@types/istanbul-reports': [ '3.0.4' ],
489 silly audit   '@types/node': [ '25.9.1' ],
489 silly audit   '@types/react': [ '19.1.17' ],
489 silly audit   '@types/stack-utils': [ '2.0.3' ],
489 silly audit   '@types/yargs': [ '17.0.35' ],
489 silly audit   '@types/yargs-parser': [ '21.0.3' ],
489 silly audit   '@ungap/structured-clone': [ '1.3.1' ],
489 silly audit   '@urql/core': [ '5.2.0' ],
489 silly audit   '@urql/exchange-retry': [ '1.3.2' ],
489 silly audit   '@xmldom/xmldom': [ '0.8.13', '0.9.10' ],
489 silly audit   'abort-controller': [ '3.0.0' ],
489 silly audit   accepts: [ '1.3.8', '2.0.0' ],
489 silly audit   acorn: [ '8.16.0' ],
489 silly audit   'agent-base': [ '7.1.4' ],
489 silly audit   anser: [ '1.4.10' ],
489 silly audit   'ansi-escapes': [ '4.3.2' ],
489 silly audit   'type-fest': [ '0.21.3', '0.7.1' ],
489 silly audit   'ansi-regex': [ '5.0.1', '4.1.1' ],
489 silly audit   'any-promise': [ '1.3.0' ],
489 silly audit   anymatch: [ '3.1.3' ],
489 silly audit   picomatch: [ '2.3.2', '4.0.4' ],
489 silly audit   arg: [ '5.0.2' ],
489 silly audit   'aria-hidden': [ '1.2.6' ],
489 silly audit   asap: [ '2.0.6' ],
489 silly audit   'async-limiter': [ '1.0.1' ],
489 silly audit   'babel-jest': [ '29.7.0' ],
489 silly audit   'babel-plugin-istanbul': [ '6.1.1' ],
489 silly audit   'babel-plugin-jest-hoist': [ '29.6.3' ],
489 silly audit   'babel-plugin-polyfill-corejs2': [ '0.4.17' ],
489 silly audit   'babel-plugin-polyfill-corejs3': [ '0.13.0' ],
489 silly audit   'babel-plugin-polyfill-regenerator': [ '0.6.8' ],
489 silly audit   'babel-plugin-react-compiler': [ '1.0.0' ],
489 silly audit   'babel-plugin-react-native-web': [ '0.21.2' ],
489 silly audit   'babel-plugin-syntax-hermes-parser': [ '0.29.1' ],
489 silly audit   'babel-plugin-transform-flow-enums': [ '0.0.2' ],
489 silly audit   'babel-preset-current-node-syntax': [ '1.2.0' ],
489 silly audit   'babel-preset-expo': [ '54.0.10' ],
489 silly audit   'babel-preset-jest': [ '29.6.3' ],
489 silly audit   'base64-js': [ '1.5.1' ],
489 silly audit   'baseline-browser-mapping': [ '2.10.31' ],
489 silly audit   'better-opn': [ '3.0.2' ],
489 silly audit   open: [ '8.4.2', '7.4.2' ],
489 silly audit   'big-integer': [ '1.6.52' ],
489 silly audit   'bplist-creator': [ '0.1.0' ],
489 silly audit   'bplist-parser': [ '0.3.2', '0.3.1' ],
489 silly audit   braces: [ '3.0.3' ],
489 silly audit   browserslist: [ '4.28.2' ],
489 silly audit   bser: [ '2.1.1' ],
489 silly audit   buffer: [ '5.7.1' ],
489 silly audit   'buffer-from': [ '1.1.2' ],
489 silly audit   bytes: [ '3.1.2' ],
489 silly audit   camelcase: [ '5.3.1', '6.3.0' ],
489 silly audit   'caniuse-lite': [ '1.0.30001793' ],
489 silly audit   chownr: [ '3.0.0' ],
489 silly audit   'chrome-launcher': [ '0.15.2' ],
489 silly audit   'chromium-edge-launcher': [ '0.2.0' ],
489 silly audit   'cli-cursor': [ '2.1.0' ],
489 silly audit   'cli-spinners': [ '2.9.2' ],
489 silly audit   'client-only': [ '0.0.1' ],
489 silly audit   cliui: [ '8.0.1' ],
489 silly audit   'emoji-regex': [ '8.0.0' ],
489 silly audit   'string-width': [ '4.2.3' ],
489 silly audit   'strip-ansi': [ '6.0.1', '5.2.0' ],
489 silly audit   clone: [ '1.0.4' ],
489 silly audit   color: [ '4.2.3', '3.2.1' ],
489 silly audit   'color-string': [ '1.9.1' ],
489 silly audit   commander: [ '7.2.0', '12.1.0', '4.1.1', '2.20.3' ],
489 silly audit   compressible: [ '2.0.18' ],
489 silly audit   compression: [ '1.8.1' ],
489 silly audit   ms: [ '2.0.0', '2.1.3' ],
489 silly audit   negotiator: [ '0.6.4', '1.0.0', '0.6.3' ],
489 silly audit   'concat-map': [ '0.0.1' ],
489 silly audit   connect: [ '3.7.0' ],
489 silly audit   'convert-source-map': [ '2.0.0' ],
489 silly audit   'core-js-compat': [ '3.49.0' ],
489 silly audit   'cross-spawn': [ '7.0.6' ],
489 silly audit   csstype: [ '3.2.3' ],
489 silly audit   'decode-uri-component': [ '0.2.2' ],
489 silly audit   'deep-extend': [ '0.6.0' ],
489 silly audit   defaults: [ '1.0.4' ],
489 silly audit   'define-lazy-prop': [ '2.0.0' ],
489 silly audit   depd: [ '2.0.0' ],
489 silly audit   destroy: [ '1.2.0' ],
489 silly audit   'detect-libc': [ '2.1.2' ],
489 silly audit   'detect-node-es': [ '1.1.0' ],
489 silly audit   dotenv: [ '16.4.7' ],
489 silly audit   'dotenv-expand': [ '11.0.7' ],
489 silly audit   'ee-first': [ '1.1.1' ],
489 silly audit   'electron-to-chromium': [ '1.5.361' ],
489 silly audit   encodeurl: [ '1.0.2', '2.0.0' ],
489 silly audit   'env-editor': [ '0.4.2' ],
489 silly audit   'error-stack-parser': [ '2.1.4' ],
489 silly audit   'es-errors': [ '1.3.0' ],
489 silly audit   escalade: [ '3.2.0' ],
489 silly audit   'escape-html': [ '1.0.3' ],
489 silly audit   esprima: [ '4.0.1' ],
489 silly audit   etag: [ '1.8.1' ],
489 silly audit   'event-target-shim': [ '5.0.1' ],
489 silly audit   expo: [ '54.0.34' ],
489 silly audit   'expo-asset': [ '12.0.13' ],
489 silly audit   'expo-constants': [ '18.0.13' ],
489 silly audit   'expo-crypto': [ '15.0.9' ],
489 silly audit   'expo-haptics': [ '15.0.8' ],
489 silly audit   'expo-linking': [ '8.0.12' ],
489 silly audit   'expo-modules-autolinking': [ '3.0.25' ],
489 silly audit   'expo-modules-core': [ '3.0.30' ],
489 silly audit   'expo-router': [ '6.0.23' ],
489 silly audit   'expo-server': [ '1.0.6' ],
489 silly audit   'expo-status-bar': [ '3.0.9' ],
489 silly audit   '@expo/cli': [ '54.0.24' ],
489 silly audit   '@expo/prebuild-config': [ '54.0.8' ],
489 silly audit   '@expo/metro-config': [ '54.0.15' ],
489 silly audit   'expo-file-system': [ '19.0.22' ],
489 silly audit   'expo-font': [ '14.0.11', '56.0.5' ],
489 silly audit   'expo-keep-awake': [ '15.0.8' ],
489 silly audit   'exponential-backoff': [ '3.1.3' ],
489 silly audit   'fast-deep-equal': [ '3.1.3' ],
489 silly audit   'fast-json-stable-stringify': [ '2.1.0' ],
489 silly audit   'fb-watchman': [ '2.0.2' ],
489 silly audit   fdir: [ '6.5.0' ],
489 silly audit   'fill-range': [ '7.1.1' ],
489 silly audit   'filter-obj': [ '1.1.0' ],
489 silly audit   finalhandler: [ '1.1.2' ],
489 silly audit   'flow-enums-runtime': [ '0.0.6' ],
489 silly audit   fontfaceobserver: [ '2.3.0' ],
489 silly audit   'freeport-async': [ '2.0.0' ],
489 silly audit   fresh: [ '0.5.2' ],
489 silly audit   'fs.realpath': [ '1.0.0' ],
489 silly audit   fsevents: [ '2.3.3' ],
489 silly audit   'function-bind': [ '1.1.2' ],
489 silly audit   gensync: [ '1.0.0-beta.2' ],
489 silly audit   'get-caller-file': [ '2.0.5' ],
489 silly audit   'get-nonce': [ '1.0.1' ],
489 silly audit   'get-package-type': [ '0.1.0' ],
489 silly audit   getenv: [ '2.0.0' ],
489 silly audit   'graceful-fs': [ '4.2.11' ],
489 silly audit   hasown: [ '2.0.3' ],
489 silly audit   'hoist-non-react-statics': [ '3.3.2' ],
489 silly audit   'hosted-git-info': [ '7.0.2' ],
489 silly audit   'lru-cache': [ '10.4.3', '5.1.1', '11.5.1' ],
489 silly audit   'http-errors': [ '2.0.1' ],
489 silly audit   statuses: [ '2.0.2', '1.5.0' ],
489 silly audit   'https-proxy-agent': [ '7.0.6' ],
489 silly audit   ieee754: [ '1.2.1' ],
489 silly audit   ignore: [ '5.3.2' ],
489 silly audit   'image-size': [ '1.2.1' ],
489 silly audit   imurmurhash: [ '0.1.4' ],
489 silly audit   inflight: [ '1.0.6' ],
489 silly audit   inherits: [ '2.0.4' ],
489 silly audit   ini: [ '1.3.8' ],
489 silly audit   invariant: [ '2.2.4' ],
489 silly audit   'is-core-module': [ '2.16.2' ],
489 silly audit   'is-docker': [ '2.2.1' ],
489 silly audit   'is-fullwidth-code-point': [ '3.0.0' ],
489 silly audit   'is-number': [ '7.0.0' ],
489 silly audit   'is-plain-obj': [ '2.1.0' ],
489 silly audit   'is-wsl': [ '2.2.0' ],
489 silly audit   isexe: [ '2.0.0' ],
489 silly audit   'istanbul-lib-coverage': [ '3.2.2' ],
489 silly audit   'istanbul-lib-instrument': [ '5.2.1' ],
489 silly audit   'jest-environment-node': [ '29.7.0' ],
489 silly audit   'jest-get-type': [ '29.6.3' ],
489 silly audit   'jest-haste-map': [ '29.7.0' ],
489 silly audit   'jest-message-util': [ '29.7.0' ],
489 silly audit   'jest-mock': [ '29.7.0' ],
489 silly audit   'jest-regex-util': [ '29.6.3' ],
489 silly audit   'jest-util': [ '29.7.0' ],
489 silly audit   'jest-validate': [ '29.7.0' ],
489 silly audit   'jest-worker': [ '29.7.0' ],
489 silly audit   'jimp-compact': [ '0.16.1' ],
489 silly audit   'js-tokens': [ '4.0.0' ],
489 silly audit   'jsc-safe-url': [ '0.2.4' ],
489 silly audit   jsesc: [ '3.1.0' ],
489 silly audit   json5: [ '2.2.3' ],
489 silly audit   kleur: [ '3.0.3' ],
489 silly audit   'lan-network': [ '0.2.1' ],
489 silly audit   leven: [ '3.1.0' ],
489 silly audit   'lighthouse-logger': [ '1.4.2' ],
489 silly audit   lightningcss: [ '1.32.0' ],
489 silly audit   'lightningcss-android-arm64': [ '1.32.0' ],
489 silly audit   'lightningcss-darwin-arm64': [ '1.32.0' ],
489 silly audit   'lightningcss-darwin-x64': [ '1.32.0' ],
489 silly audit   'lightningcss-freebsd-x64': [ '1.32.0' ],
489 silly audit   'lightningcss-linux-arm-gnueabihf': [ '1.32.0' ],
489 silly audit   'lightningcss-linux-arm64-gnu': [ '1.32.0' ],
489 silly audit   'lightningcss-linux-arm64-musl': [ '1.32.0' ],
489 silly audit   'lightningcss-linux-x64-gnu': [ '1.32.0' ],
489 silly audit   'lightningcss-linux-x64-musl': [ '1.32.0' ],
489 silly audit   'lightningcss-win32-arm64-msvc': [ '1.32.0' ],
489 silly audit   'lightningcss-win32-x64-msvc': [ '1.32.0' ],
489 silly audit   'lines-and-columns': [ '1.2.4' ],
489 silly audit   'lodash.debounce': [ '4.0.8' ],
489 silly audit   'lodash.throttle': [ '4.1.1' ],
489 silly audit   'log-symbols': [ '2.2.0' ],
489 silly audit   'loose-envify': [ '1.4.0' ],
489 silly audit   makeerror: [ '1.0.12' ],
489 silly audit   marky: [ '1.3.0' ],
489 silly audit   'memoize-one': [ '5.2.1' ],
489 silly audit   'merge-options': [ '3.0.4' ],
489 silly audit   'merge-stream': [ '2.0.0' ],
489 silly audit   'mime-types': [ '3.0.2', '2.1.35' ],
489 silly audit   micromatch: [ '4.0.8' ],
489 silly audit   mime: [ '1.6.0' ],
489 silly audit   'mime-db': [ '1.54.0', '1.52.0' ],
489 silly audit   'mimic-fn': [ '1.2.0' ],
489 silly audit   minimist: [ '1.2.8' ],
489 silly audit   minipass: [ '7.1.3' ],
489 silly audit   minizlib: [ '3.1.0' ],
489 silly audit   mkdirp: [ '1.0.4' ],
489 silly audit   mz: [ '2.7.0' ],
489 silly audit   nanoid: [ '3.3.12' ],
489 silly audit   'nested-error-stacks': [ '2.0.1' ],
489 silly audit   'node-forge': [ '1.4.0' ],
489 silly audit   'node-int64': [ '0.4.0' ],
489 silly audit   'node-releases': [ '2.0.46' ],
489 silly audit   'normalize-path': [ '3.0.0' ],
489 silly audit   'npm-package-arg': [ '11.0.3' ],
489 silly audit   nullthrows: [ '1.1.1' ],
489 silly audit   'object-assign': [ '4.1.1' ],
489 silly audit   'on-finished': [ '2.3.0', '2.4.1' ],
489 silly audit   'on-headers': [ '1.1.0' ],
489 silly audit   once: [ '1.4.0' ],
489 silly audit   onetime: [ '2.0.1' ],
489 silly audit   ora: [ '3.4.0' ],
489 silly audit   'p-try': [ '2.2.0' ],
489 silly audit   'parse-png': [ '2.1.0' ],
489 silly audit   parseurl: [ '1.3.3' ],
489 silly audit   'path-exists': [ '4.0.0' ],
489 silly audit   'path-is-absolute': [ '1.0.1' ],
489 silly audit   'path-key': [ '3.1.1' ],
489 silly audit   'path-parse': [ '1.0.7' ],
489 silly audit   'path-scurry': [ '2.0.2' ],
489 silly audit   picocolors: [ '1.1.1' ],
489 silly audit   pirates: [ '4.0.7' ],
489 silly audit   plist: [ '3.1.1' ],
489 silly audit   pngjs: [ '3.4.0' ],
489 silly audit   postcss: [ '8.4.49' ],
489 silly audit   'pretty-bytes': [ '5.6.0' ],
489 silly audit   'pretty-format': [ '29.7.0' ],
489 silly audit   'proc-log': [ '4.2.0' ],
489 silly audit   progress: [ '2.0.3' ],
489 silly audit   promise: [ '8.3.0' ],
489 silly audit   prompts: [ '2.4.2' ],
489 silly audit   punycode: [ '2.3.1' ],
489 silly audit   'qrcode-terminal': [ '0.11.0' ],
489 silly audit   'query-string': [ '7.1.3' ],
489 silly audit   queue: [ '6.0.2' ],
489 silly audit   'range-parser': [ '1.2.1' ],
489 silly audit   rc: [ '1.2.8' ],
489 silly audit   react: [ '19.1.0' ],
489 silly audit   'react-devtools-core': [ '6.1.5' ],
489 silly audit   'react-fast-compare': [ '3.2.2' ],
489 silly audit   'react-freeze': [ '1.0.4' ],
489 silly audit   'react-native': [ '0.81.5' ],
489 silly audit   'react-native-is-edge-to-edge': [ '1.3.1' ],
489 silly audit   'react-native-paper': [ '5.15.2' ],
489 silly audit   'react-native-reanimated': [ '4.1.7' ],
489 silly audit   'react-native-safe-area-context': [ '5.6.2' ],
489 silly audit   'react-native-screens': [ '4.16.0' ],
489 silly audit   'react-native-worklets': [ '0.5.1' ],
489 silly audit   'react-refresh': [ '0.14.2' ],
489 silly audit   'react-remove-scroll': [ '2.7.2' ],
489 silly audit   'react-remove-scroll-bar': [ '2.3.8' ],
489 silly audit   'react-style-singleton': [ '2.2.3' ],
489 silly audit   regenerate: [ '1.4.2' ],
489 silly audit   'regenerate-unicode-properties': [ '10.2.2' ],
489 silly audit   'regenerator-runtime': [ '0.13.11' ],
489 silly audit   'regexpu-core': [ '6.4.0' ],
489 silly audit   regjsgen: [ '0.8.0' ],
489 silly audit   regjsparser: [ '0.13.1' ],
489 silly audit   'require-directory': [ '2.1.1' ],
489 silly audit   'require-from-string': [ '2.0.2' ],
489 silly audit   requireg: [ '0.2.2' ],
489 silly audit   resolve: [ '1.7.1', '1.22.12' ],
489 silly audit   'resolve-from': [ '5.0.0' ],
489 silly audit   'resolve-workspace-root': [ '2.0.1' ],
489 silly audit   'resolve.exports': [ '2.0.3' ],
489 silly audit   'restore-cursor': [ '2.0.0' ],
489 silly audit   'signal-exit': [ '3.0.7' ],
489 silly audit   rimraf: [ '3.0.2' ],
489 silly audit   'safe-buffer': [ '5.2.1' ],
489 silly audit   sax: [ '1.6.0' ],
489 silly audit   scheduler: [ '0.26.0', '0.27.0' ],
489 silly audit   send: [ '0.19.2' ],
489 silly audit   'serialize-error': [ '2.1.0' ],
489 silly audit   'serve-static': [ '1.16.3' ],
489 silly audit   'server-only': [ '0.0.1' ],
489 silly audit   setprototypeof: [ '1.2.0' ],
489 silly audit   'sf-symbols-typescript': [ '2.2.0' ],
489 silly audit   shallowequal: [ '1.1.0' ],
489 silly audit   'shebang-command': [ '2.0.0' ],
489 silly audit   'shebang-regex': [ '3.0.0' ],
489 silly audit   'shell-quote': [ '1.8.3' ],
489 silly audit   'simple-plist': [ '1.3.1' ],
489 silly audit   'simple-swizzle': [ '0.2.4' ],
489 silly audit   'is-arrayish': [ '0.3.4' ],
489 silly audit   sisteransi: [ '1.0.5' ],
489 silly audit   slash: [ '3.0.0' ],
489 silly audit   slugify: [ '1.6.9' ],
489 silly audit   'source-map': [ '0.5.7', '0.6.1' ],
489 silly audit   'source-map-js': [ '1.2.1' ],
489 silly audit   'source-map-support': [ '0.5.21' ],
489 silly audit   'split-on-first': [ '1.1.0' ],
489 silly audit   'sprintf-js': [ '1.0.3' ],
489 silly audit   'stack-utils': [ '2.0.6' ],
489 silly audit   stackframe: [ '1.3.4' ],
489 silly audit   'stacktrace-parser': [ '0.1.11' ],
489 silly audit   'stream-buffers': [ '2.2.0' ],
489 silly audit   'strict-uri-encode': [ '2.0.0' ],
489 silly audit   'strip-json-comments': [ '2.0.1' ],
489 silly audit   'structured-headers': [ '0.4.1' ],
489 silly audit   sucrase: [ '3.35.1' ],
489 silly audit   'supports-hyperlinks': [ '2.3.0' ],
489 silly audit   'supports-preserve-symlinks-flag': [ '1.0.0' ],
489 silly audit   tar: [ '7.5.15' ],
489 silly audit   yallist: [ '5.0.0', '3.1.1' ],
489 silly audit   'terminal-link': [ '2.1.1' ],
489 silly audit   terser: [ '5.48.0' ],
489 silly audit   'test-exclude': [ '6.0.0' ],
489 silly audit   thenify: [ '3.3.1' ],
489 silly audit   'thenify-all': [ '1.6.0' ],
489 silly audit   throat: [ '5.0.0' ],
489 silly audit   tinyglobby: [ '0.2.16' ],
489 silly audit   tmpl: [ '1.0.5' ],
489 silly audit   'to-regex-range': [ '5.0.1' ],
489 silly audit   toidentifier: [ '1.0.1' ],
489 silly audit   'ts-interface-checker': [ '0.1.13' ],
489 silly audit   tslib: [ '2.8.1' ],
489 silly audit   'type-detect': [ '4.0.8' ],
489 silly audit   typescript: [ '5.9.3' ],
489 silly audit   undici: [ '6.25.0' ],
489 silly audit   'undici-types': [ '7.24.6' ],
489 silly audit   'unicode-canonical-property-names-ecmascript': [ '2.0.1' ],
489 silly audit   'unicode-match-property-ecmascript': [ '2.0.0' ],
489 silly audit   'unicode-match-property-value-ecmascript': [ '2.2.1' ],
489 silly audit   'unicode-property-aliases-ecmascript': [ '2.2.0' ],
489 silly audit   unpipe: [ '1.0.0' ],
489 silly audit   'update-browserslist-db': [ '1.2.3' ],
489 silly audit   'use-callback-ref': [ '1.3.3' ],
489 silly audit   'use-latest-callback': [ '0.2.6' ],
489 silly audit   'use-sidecar': [ '1.1.3' ],
489 silly audit   'use-sync-external-store': [ '1.6.0' ],
489 silly audit   'utils-merge': [ '1.0.1' ],
489 silly audit   uuid: [ '7.0.3' ],
489 silly audit   'validate-npm-package-name': [ '5.0.1' ],
489 silly audit   vary: [ '1.1.2' ],
489 silly audit   vaul: [ '1.1.2' ],
489 silly audit   vlq: [ '1.0.1' ],
489 silly audit   walker: [ '1.0.8' ],
489 silly audit   'warn-once': [ '0.1.1' ],
489 silly audit   wcwidth: [ '1.0.1' ],
489 silly audit   'webidl-conversions': [ '5.0.0' ],
489 silly audit   'whatwg-fetch': [ '3.6.20' ],
489 silly audit   'whatwg-url-without-unicode': [ '8.0.0-3' ],
489 silly audit   which: [ '2.0.2' ],
489 silly audit   wonka: [ '6.3.6' ],
489 silly audit   'wrap-ansi': [ '7.0.0' ],
489 silly audit   wrappy: [ '1.0.2' ],
489 silly audit   'write-file-atomic': [ '4.0.2' ],
489 silly audit   xcode: [ '3.0.1' ],
489 silly audit   xml2js: [ '0.6.0' ],
489 silly audit   xmlbuilder: [ '11.0.1', '15.1.1' ],
489 silly audit   y18n: [ '5.0.8' ],
489 silly audit   yaml: [ '2.9.0' ],
489 silly audit   yargs: [ '17.7.2' ],
489 silly audit   'yargs-parser': [ '21.1.1' ],
489 silly audit   'yocto-queue': [ '0.1.0' ],
489 silly audit   zod: [ '4.4.3' ],
489 silly audit   zustand: [ '5.0.13' ],
489 silly audit   '@react-native-firebase/app': [ '24.1.0' ],
489 silly audit   '@react-native-firebase/auth': [ '24.1.0' ],
489 silly audit   '@react-native-firebase/firestore': [ '24.1.0' ],
489 silly audit   'react-dom': [ '19.2.7' ],
489 silly audit   firebase: [ '12.14.0' ],
489 silly audit   'react-native-url-polyfill': [ '3.0.0' ],
489 silly audit   '@firebase/ai': [ '2.13.0' ],
489 silly audit   '@firebase/app': [ '0.14.13' ],
489 silly audit   '@firebase/app-types': [ '0.9.5' ],
489 silly audit   '@firebase/analytics': [ '0.10.22' ],
489 silly audit   '@firebase/analytics-compat': [ '0.2.28' ],
489 silly audit   '@firebase/app-compat': [ '0.5.13' ],
489 silly audit   '@firebase/app-check': [ '0.11.4' ],
489 silly audit   '@firebase/app-check-compat': [ '0.4.4' ],
489 silly audit   '@firebase/auth': [ '1.13.2' ],
489 silly audit   '@firebase/auth-compat': [ '0.6.7' ],
489 silly audit   '@firebase/data-connect': [ '0.7.1' ],
489 silly audit   '@firebase/database': [ '1.1.3' ],
489 silly audit   '@firebase/database-compat': [ '2.1.4' ],
489 silly audit   '@firebase/firestore': [ '4.15.0' ],
489 silly audit   '@firebase/firestore-compat': [ '0.4.10' ],
489 silly audit   '@firebase/functions': [ '0.13.5' ],
489 silly audit   '@firebase/functions-compat': [ '0.4.5' ],
489 silly audit   '@firebase/installations': [ '0.6.22' ],
489 silly audit   '@firebase/installations-compat': [ '0.2.22' ],
489 silly audit   '@firebase/messaging': [ '0.13.0' ],
489 silly audit   '@firebase/messaging-compat': [ '0.2.27' ],
489 silly audit   '@firebase/performance': [ '0.7.12' ],
489 silly audit   '@firebase/performance-compat': [ '0.2.25' ],
489 silly audit   '@firebase/remote-config': [ '0.8.4' ],
489 silly audit   '@firebase/remote-config-compat': [ '0.2.25' ],
489 silly audit   '@firebase/storage': [ '0.14.3' ],
489 silly audit   '@firebase/storage-compat': [ '0.4.3' ],
489 silly audit   '@firebase/util': [ '1.15.1' ],
489 silly audit   '@firebase/app-check-interop-types': [ '0.3.4' ],
489 silly audit   '@firebase/component': [ '0.7.3' ],
489 silly audit   '@firebase/logger': [ '0.5.1' ],
489 silly audit   '@firebase/analytics-types': [ '0.8.4' ],
489 silly audit   idb: [ '7.1.1' ],
489 silly audit   '@firebase/app-check-types': [ '0.5.4' ],
489 silly audit   '@firebase/auth-types': [ '0.13.1' ],
489 silly audit   '@firebase/auth-interop-types': [ '0.2.5' ],
489 silly audit   'faye-websocket': [ '0.11.4' ],
489 silly audit   '@firebase/database-types': [ '1.0.20' ],
489 silly audit   '@firebase/webchannel-wrapper': [ '1.0.6' ],
489 silly audit   '@grpc/grpc-js': [ '1.9.16' ],
489 silly audit   '@grpc/proto-loader': [ '0.7.15' ],
489 silly audit   '@firebase/firestore-types': [ '3.0.4' ],
489 silly audit   '@firebase/messaging-interop-types': [ '0.2.5' ],
489 silly audit   '@firebase/functions-types': [ '0.6.4' ],
489 silly audit   '@firebase/installations-types': [ '0.5.4' ],
489 silly audit   'web-vitals': [ '4.2.4' ],
489 silly audit   '@firebase/performance-types': [ '0.2.4' ],
489 silly audit   '@firebase/remote-config-types': [ '0.5.1' ],
489 silly audit   '@firebase/storage-types': [ '0.8.4' ],
489 silly audit   'lodash.camelcase': [ '4.3.0' ],
489 silly audit   long: [ '5.3.2' ],
489 silly audit   protobufjs: [ '7.6.3' ],
489 silly audit   'websocket-driver': [ '0.7.5' ],
489 silly audit   '@protobufjs/aspromise': [ '1.1.2' ],
489 silly audit   '@protobufjs/base64': [ '1.1.2' ],
489 silly audit   '@protobufjs/codegen': [ '2.0.5' ],
489 silly audit   '@protobufjs/eventemitter': [ '1.1.1' ],
489 silly audit   '@protobufjs/fetch': [ '1.1.1' ],
489 silly audit   '@protobufjs/float': [ '1.0.2' ],
489 silly audit   '@protobufjs/inquire': [ '1.1.2' ],
489 silly audit   '@protobufjs/path': [ '1.1.2' ],
489 silly audit   '@protobufjs/pool': [ '1.1.0' ],
489 silly audit   '@protobufjs/utf8': [ '1.1.1' ],
489 silly audit   'http-parser-js': [ '0.5.10' ],
489 silly audit   'websocket-extensions': [ '0.1.4' ]
489 silly audit }
490 http cache @protobufjs/utf8@https://registry.npmjs.org/@protobufjs/utf8/-/utf8-1.1.1.tgz 0ms (cache hit)
491 http cache websocket-extensions@https://registry.npmjs.org/websocket-extensions/-/websocket-extensions-0.1.4.tgz 0ms (cache hit)
492 http cache http-parser-js@https://registry.npmjs.org/http-parser-js/-/http-parser-js-0.5.10.tgz 0ms (cache hit)
493 http cache @protobufjs/pool@https://registry.npmjs.org/@protobufjs/pool/-/pool-1.1.0.tgz 0ms (cache hit)
494 http cache @protobufjs/inquire@https://registry.npmjs.org/@protobufjs/inquire/-/inquire-1.1.2.tgz 0ms (cache hit)
495 http cache @protobufjs/path@https://registry.npmjs.org/@protobufjs/path/-/path-1.1.2.tgz 0ms (cache hit)
496 http cache @protobufjs/eventemitter@https://registry.npmjs.org/@protobufjs/eventemitter/-/eventemitter-1.1.1.tgz 0ms (cache hit)
497 http cache @protobufjs/float@https://registry.npmjs.org/@protobufjs/float/-/float-1.0.2.tgz 0ms (cache hit)
498 http cache @protobufjs/fetch@https://registry.npmjs.org/@protobufjs/fetch/-/fetch-1.1.1.tgz 0ms (cache hit)
499 http cache @protobufjs/base64@https://registry.npmjs.org/@protobufjs/base64/-/base64-1.1.2.tgz 0ms (cache hit)
500 http cache @protobufjs/codegen@https://registry.npmjs.org/@protobufjs/codegen/-/codegen-2.0.5.tgz 0ms (cache hit)
501 http cache @protobufjs/aspromise@https://registry.npmjs.org/@protobufjs/aspromise/-/aspromise-1.1.2.tgz 0ms (cache hit)
502 http cache websocket-driver@https://registry.npmjs.org/websocket-driver/-/websocket-driver-0.7.5.tgz 0ms (cache hit)
503 http cache long@https://registry.npmjs.org/long/-/long-5.3.2.tgz 0ms (cache hit)
504 http cache protobufjs@https://registry.npmjs.org/protobufjs/-/protobufjs-7.6.3.tgz 0ms (cache hit)
505 http cache @firebase/storage-types@https://registry.npmjs.org/@firebase/storage-types/-/storage-types-0.8.4.tgz 0ms (cache hit)
506 http cache lodash.camelcase@https://registry.npmjs.org/lodash.camelcase/-/lodash.camelcase-4.3.0.tgz 0ms (cache hit)
507 http cache @firebase/remote-config-types@https://registry.npmjs.org/@firebase/remote-config-types/-/remote-config-types-0.5.1.tgz 0ms (cache hit)
508 http cache @firebase/performance-types@https://registry.npmjs.org/@firebase/performance-types/-/performance-types-0.2.4.tgz 0ms (cache hit)
509 http cache @firebase/installations-types@https://registry.npmjs.org/@firebase/installations-types/-/installations-types-0.5.4.tgz 0ms (cache hit)
510 http cache web-vitals@https://registry.npmjs.org/web-vitals/-/web-vitals-4.2.4.tgz 0ms (cache hit)
511 http cache @firebase/functions-types@https://registry.npmjs.org/@firebase/functions-types/-/functions-types-0.6.4.tgz 0ms (cache hit)
512 http cache @firebase/firestore-types@https://registry.npmjs.org/@firebase/firestore-types/-/firestore-types-3.0.4.tgz 0ms (cache hit)
513 http cache @firebase/messaging-interop-types@https://registry.npmjs.org/@firebase/messaging-interop-types/-/messaging-interop-types-0.2.5.tgz 0ms (cache hit)
514 http cache @grpc/proto-loader@https://registry.npmjs.org/@grpc/proto-loader/-/proto-loader-0.7.15.tgz 0ms (cache hit)
515 http cache @grpc/grpc-js@https://registry.npmjs.org/@grpc/grpc-js/-/grpc-js-1.9.16.tgz 0ms (cache hit)
516 http cache @firebase/webchannel-wrapper@https://registry.npmjs.org/@firebase/webchannel-wrapper/-/webchannel-wrapper-1.0.6.tgz 0ms (cache hit)
517 http cache @firebase/database-types@https://registry.npmjs.org/@firebase/database-types/-/database-types-1.0.20.tgz 0ms (cache hit)
518 http cache faye-websocket@https://registry.npmjs.org/faye-websocket/-/faye-websocket-0.11.4.tgz 0ms (cache hit)
519 http cache @firebase/auth-interop-types@https://registry.npmjs.org/@firebase/auth-interop-types/-/auth-interop-types-0.2.5.tgz 0ms (cache hit)
520 http cache @firebase/auth-types@https://registry.npmjs.org/@firebase/auth-types/-/auth-types-0.13.1.tgz 0ms (cache hit)
521 http cache idb@https://registry.npmjs.org/idb/-/idb-7.1.1.tgz 0ms (cache hit)
522 http cache @firebase/app-check-types@https://registry.npmjs.org/@firebase/app-check-types/-/app-check-types-0.5.4.tgz 0ms (cache hit)
523 http cache @firebase/logger@https://registry.npmjs.org/@firebase/logger/-/logger-0.5.1.tgz 0ms (cache hit)
524 http cache @firebase/analytics-types@https://registry.npmjs.org/@firebase/analytics-types/-/analytics-types-0.8.4.tgz 0ms (cache hit)
525 http cache @firebase/component@https://registry.npmjs.org/@firebase/component/-/component-0.7.3.tgz 0ms (cache hit)
526 http cache @firebase/app-check-interop-types@https://registry.npmjs.org/@firebase/app-check-interop-types/-/app-check-interop-types-0.3.4.tgz 0ms (cache hit)
527 http cache @firebase/storage@https://registry.npmjs.org/@firebase/storage/-/storage-0.14.3.tgz 0ms (cache hit)
528 http cache @firebase/storage-compat@https://registry.npmjs.org/@firebase/storage-compat/-/storage-compat-0.4.3.tgz 0ms (cache hit)
529 http cache @firebase/util@https://registry.npmjs.org/@firebase/util/-/util-1.15.1.tgz 0ms (cache hit)
530 http cache @firebase/remote-config-compat@https://registry.npmjs.org/@firebase/remote-config-compat/-/remote-config-compat-0.2.25.tgz 0ms (cache hit)
531 http cache @firebase/remote-config@https://registry.npmjs.org/@firebase/remote-config/-/remote-config-0.8.4.tgz 0ms (cache hit)
532 http cache @firebase/performance-compat@https://registry.npmjs.org/@firebase/performance-compat/-/performance-compat-0.2.25.tgz 0ms (cache hit)
533 http cache @firebase/performance@https://registry.npmjs.org/@firebase/performance/-/performance-0.7.12.tgz 0ms (cache hit)
534 http cache @firebase/messaging-compat@https://registry.npmjs.org/@firebase/messaging-compat/-/messaging-compat-0.2.27.tgz 0ms (cache hit)
535 http cache @firebase/installations-compat@https://registry.npmjs.org/@firebase/installations-compat/-/installations-compat-0.2.22.tgz 0ms (cache hit)
536 http cache @firebase/messaging@https://registry.npmjs.org/@firebase/messaging/-/messaging-0.13.0.tgz 0ms (cache hit)
537 http cache @firebase/installations@https://registry.npmjs.org/@firebase/installations/-/installations-0.6.22.tgz 0ms (cache hit)
538 http cache @firebase/functions-compat@https://registry.npmjs.org/@firebase/functions-compat/-/functions-compat-0.4.5.tgz 0ms (cache hit)
539 http cache @firebase/functions@https://registry.npmjs.org/@firebase/functions/-/functions-0.13.5.tgz 0ms (cache hit)
540 http cache @firebase/firestore-compat@https://registry.npmjs.org/@firebase/firestore-compat/-/firestore-compat-0.4.10.tgz 0ms (cache hit)
541 http cache @firebase/firestore@https://registry.npmjs.org/@firebase/firestore/-/firestore-4.15.0.tgz 0ms (cache hit)
542 http cache @firebase/database-compat@https://registry.npmjs.org/@firebase/database-compat/-/database-compat-2.1.4.tgz 0ms (cache hit)
543 http cache @firebase/database@https://registry.npmjs.org/@firebase/database/-/database-1.1.3.tgz 0ms (cache hit)
544 http cache @firebase/data-connect@https://registry.npmjs.org/@firebase/data-connect/-/data-connect-0.7.1.tgz 0ms (cache hit)
545 http cache @firebase/auth-compat@https://registry.npmjs.org/@firebase/auth-compat/-/auth-compat-0.6.7.tgz 0ms (cache hit)
546 http cache @firebase/app-check-compat@https://registry.npmjs.org/@firebase/app-check-compat/-/app-check-compat-0.4.4.tgz 0ms (cache hit)
547 http cache @firebase/auth@https://registry.npmjs.org/@firebase/auth/-/auth-1.13.2.tgz 0ms (cache hit)
548 http cache @firebase/app-check@https://registry.npmjs.org/@firebase/app-check/-/app-check-0.11.4.tgz 0ms (cache hit)
549 http cache @firebase/analytics-compat@https://registry.npmjs.org/@firebase/analytics-compat/-/analytics-compat-0.2.28.tgz 0ms (cache hit)
550 http cache @firebase/app-compat@https://registry.npmjs.org/@firebase/app-compat/-/app-compat-0.5.13.tgz 0ms (cache hit)
551 http cache @firebase/app-types@https://registry.npmjs.org/@firebase/app-types/-/app-types-0.9.5.tgz 0ms (cache hit)
552 http cache @firebase/app@https://registry.npmjs.org/@firebase/app/-/app-0.14.13.tgz 0ms (cache hit)
553 http cache firebase@https://registry.npmjs.org/firebase/-/firebase-12.14.0.tgz 0ms (cache hit)
554 http cache react-native-url-polyfill@https://registry.npmjs.org/react-native-url-polyfill/-/react-native-url-polyfill-3.0.0.tgz 0ms (cache hit)
555 http cache react-dom@https://registry.npmjs.org/react-dom/-/react-dom-19.2.7.tgz 0ms (cache hit)
556 http cache @firebase/ai@https://registry.npmjs.org/@firebase/ai/-/ai-2.13.0.tgz 0ms (cache hit)
557 http cache @firebase/analytics@https://registry.npmjs.org/@firebase/analytics/-/analytics-0.10.22.tgz 0ms (cache hit)
558 http cache expo-font@https://registry.npmjs.org/expo-font/-/expo-font-56.0.5.tgz 0ms (cache hit)
559 http cache @react-native-firebase/firestore@https://registry.npmjs.org/@react-native-firebase/firestore/-/firestore-24.1.0.tgz 0ms (cache hit)
560 http cache @react-native-firebase/auth@https://registry.npmjs.org/@react-native-firebase/auth/-/auth-24.1.0.tgz 0ms (cache hit)
561 http cache @react-native-firebase/app@https://registry.npmjs.org/@react-native-firebase/app/-/app-24.1.0.tgz 0ms (cache hit)
562 http cache scheduler@https://registry.npmjs.org/scheduler/-/scheduler-0.27.0.tgz 0ms (cache hit)
563 silly tarball no local data for @protobufjs/utf8@https://registry.npmjs.org/@protobufjs/utf8/-/utf8-1.1.1.tgz. Extracting by manifest.
564 silly tarball no local data for websocket-extensions@https://registry.npmjs.org/websocket-extensions/-/websocket-extensions-0.1.4.tgz. Extracting by manifest.
565 silly tarball no local data for http-parser-js@https://registry.npmjs.org/http-parser-js/-/http-parser-js-0.5.10.tgz. Extracting by manifest.
566 silly tarball no local data for @protobufjs/pool@https://registry.npmjs.org/@protobufjs/pool/-/pool-1.1.0.tgz. Extracting by manifest.
567 silly tarball no local data for @protobufjs/inquire@https://registry.npmjs.org/@protobufjs/inquire/-/inquire-1.1.2.tgz. Extracting by manifest.
568 silly tarball no local data for @protobufjs/path@https://registry.npmjs.org/@protobufjs/path/-/path-1.1.2.tgz. Extracting by manifest.
569 silly tarball no local data for @protobufjs/eventemitter@https://registry.npmjs.org/@protobufjs/eventemitter/-/eventemitter-1.1.1.tgz. Extracting by manifest.
570 silly tarball no local data for @protobufjs/float@https://registry.npmjs.org/@protobufjs/float/-/float-1.0.2.tgz. Extracting by manifest.
571 silly tarball no local data for @protobufjs/fetch@https://registry.npmjs.org/@protobufjs/fetch/-/fetch-1.1.1.tgz. Extracting by manifest.
572 silly tarball no local data for @protobufjs/base64@https://registry.npmjs.org/@protobufjs/base64/-/base64-1.1.2.tgz. Extracting by manifest.
573 silly tarball no local data for @protobufjs/codegen@https://registry.npmjs.org/@protobufjs/codegen/-/codegen-2.0.5.tgz. Extracting by manifest.
574 silly tarball no local data for @protobufjs/aspromise@https://registry.npmjs.org/@protobufjs/aspromise/-/aspromise-1.1.2.tgz. Extracting by manifest.
575 silly tarball no local data for websocket-driver@https://registry.npmjs.org/websocket-driver/-/websocket-driver-0.7.5.tgz. Extracting by manifest.
576 silly tarball no local data for long@https://registry.npmjs.org/long/-/long-5.3.2.tgz. Extracting by manifest.
577 silly tarball no local data for protobufjs@https://registry.npmjs.org/protobufjs/-/protobufjs-7.6.3.tgz. Extracting by manifest.
578 silly tarball no local data for @firebase/storage-types@https://registry.npmjs.org/@firebase/storage-types/-/storage-types-0.8.4.tgz. Extracting by manifest.
579 silly tarball no local data for lodash.camelcase@https://registry.npmjs.org/lodash.camelcase/-/lodash.camelcase-4.3.0.tgz. Extracting by manifest.
580 silly tarball no local data for @firebase/remote-config-types@https://registry.npmjs.org/@firebase/remote-config-types/-/remote-config-types-0.5.1.tgz. Extracting by manifest.
581 silly tarball no local data for @firebase/performance-types@https://registry.npmjs.org/@firebase/performance-types/-/performance-types-0.2.4.tgz. Extracting by manifest.
582 silly tarball no local data for @firebase/installations-types@https://registry.npmjs.org/@firebase/installations-types/-/installations-types-0.5.4.tgz. Extracting by manifest.
583 silly tarball no local data for web-vitals@https://registry.npmjs.org/web-vitals/-/web-vitals-4.2.4.tgz. Extracting by manifest.
584 silly tarball no local data for @firebase/functions-types@https://registry.npmjs.org/@firebase/functions-types/-/functions-types-0.6.4.tgz. Extracting by manifest.
585 silly tarball no local data for @firebase/firestore-types@https://registry.npmjs.org/@firebase/firestore-types/-/firestore-types-3.0.4.tgz. Extracting by manifest.
586 silly tarball no local data for @firebase/messaging-interop-types@https://registry.npmjs.org/@firebase/messaging-interop-types/-/messaging-interop-types-0.2.5.tgz. Extracting by manifest.
587 silly tarball no local data for @grpc/proto-loader@https://registry.npmjs.org/@grpc/proto-loader/-/proto-loader-0.7.15.tgz. Extracting by manifest.
588 silly tarball no local data for @grpc/grpc-js@https://registry.npmjs.org/@grpc/grpc-js/-/grpc-js-1.9.16.tgz. Extracting by manifest.
589 silly tarball no local data for @firebase/webchannel-wrapper@https://registry.npmjs.org/@firebase/webchannel-wrapper/-/webchannel-wrapper-1.0.6.tgz. Extracting by manifest.
590 silly tarball no local data for @firebase/database-types@https://registry.npmjs.org/@firebase/database-types/-/database-types-1.0.20.tgz. Extracting by manifest.
591 silly tarball no local data for faye-websocket@https://registry.npmjs.org/faye-websocket/-/faye-websocket-0.11.4.tgz. Extracting by manifest.
592 silly tarball no local data for @firebase/auth-interop-types@https://registry.npmjs.org/@firebase/auth-interop-types/-/auth-interop-types-0.2.5.tgz. Extracting by manifest.
593 silly tarball no local data for @firebase/auth-types@https://registry.npmjs.org/@firebase/auth-types/-/auth-types-0.13.1.tgz. Extracting by manifest.
594 silly tarball no local data for idb@https://registry.npmjs.org/idb/-/idb-7.1.1.tgz. Extracting by manifest.
595 silly tarball no local data for @firebase/app-check-types@https://registry.npmjs.org/@firebase/app-check-types/-/app-check-types-0.5.4.tgz. Extracting by manifest.
596 silly tarball no local data for @firebase/logger@https://registry.npmjs.org/@firebase/logger/-/logger-0.5.1.tgz. Extracting by manifest.
597 silly tarball no local data for @firebase/analytics-types@https://registry.npmjs.org/@firebase/analytics-types/-/analytics-types-0.8.4.tgz. Extracting by manifest.
598 silly tarball no local data for @firebase/component@https://registry.npmjs.org/@firebase/component/-/component-0.7.3.tgz. Extracting by manifest.
599 silly tarball no local data for @firebase/app-check-interop-types@https://registry.npmjs.org/@firebase/app-check-interop-types/-/app-check-interop-types-0.3.4.tgz. Extracting by manifest.
600 silly tarball no local data for @firebase/storage@https://registry.npmjs.org/@firebase/storage/-/storage-0.14.3.tgz. Extracting by manifest.
601 silly tarball no local data for @firebase/storage-compat@https://registry.npmjs.org/@firebase/storage-compat/-/storage-compat-0.4.3.tgz. Extracting by manifest.
602 silly tarball no local data for @firebase/util@https://registry.npmjs.org/@firebase/util/-/util-1.15.1.tgz. Extracting by manifest.
603 silly tarball no local data for @firebase/remote-config-compat@https://registry.npmjs.org/@firebase/remote-config-compat/-/remote-config-compat-0.2.25.tgz. Extracting by manifest.
604 silly tarball no local data for @firebase/remote-config@https://registry.npmjs.org/@firebase/remote-config/-/remote-config-0.8.4.tgz. Extracting by manifest.
605 silly tarball no local data for @firebase/performance-compat@https://registry.npmjs.org/@firebase/performance-compat/-/performance-compat-0.2.25.tgz. Extracting by manifest.
606 silly tarball no local data for @firebase/performance@https://registry.npmjs.org/@firebase/performance/-/performance-0.7.12.tgz. Extracting by manifest.
607 silly tarball no local data for @firebase/messaging-compat@https://registry.npmjs.org/@firebase/messaging-compat/-/messaging-compat-0.2.27.tgz. Extracting by manifest.
608 silly tarball no local data for @firebase/installations-compat@https://registry.npmjs.org/@firebase/installations-compat/-/installations-compat-0.2.22.tgz. Extracting by manifest.
609 silly tarball no local data for @firebase/messaging@https://registry.npmjs.org/@firebase/messaging/-/messaging-0.13.0.tgz. Extracting by manifest.
610 silly tarball no local data for @firebase/installations@https://registry.npmjs.org/@firebase/installations/-/installations-0.6.22.tgz. Extracting by manifest.
611 silly tarball no local data for @firebase/functions-compat@https://registry.npmjs.org/@firebase/functions-compat/-/functions-compat-0.4.5.tgz. Extracting by manifest.
612 silly tarball no local data for @firebase/functions@https://registry.npmjs.org/@firebase/functions/-/functions-0.13.5.tgz. Extracting by manifest.
613 silly tarball no local data for @firebase/firestore-compat@https://registry.npmjs.org/@firebase/firestore-compat/-/firestore-compat-0.4.10.tgz. Extracting by manifest.
614 silly tarball no local data for @firebase/firestore@https://registry.npmjs.org/@firebase/firestore/-/firestore-4.15.0.tgz. Extracting by manifest.
615 silly tarball no local data for @firebase/database-compat@https://registry.npmjs.org/@firebase/database-compat/-/database-compat-2.1.4.tgz. Extracting by manifest.
616 silly tarball no local data for @firebase/database@https://registry.npmjs.org/@firebase/database/-/database-1.1.3.tgz. Extracting by manifest.
617 silly tarball no local data for @firebase/data-connect@https://registry.npmjs.org/@firebase/data-connect/-/data-connect-0.7.1.tgz. Extracting by manifest.
618 silly tarball no local data for @firebase/auth-compat@https://registry.npmjs.org/@firebase/auth-compat/-/auth-compat-0.6.7.tgz. Extracting by manifest.
619 silly tarball no local data for @firebase/app-check-compat@https://registry.npmjs.org/@firebase/app-check-compat/-/app-check-compat-0.4.4.tgz. Extracting by manifest.
620 silly tarball no local data for @firebase/auth@https://registry.npmjs.org/@firebase/auth/-/auth-1.13.2.tgz. Extracting by manifest.
621 silly tarball no local data for @firebase/app-check@https://registry.npmjs.org/@firebase/app-check/-/app-check-0.11.4.tgz. Extracting by manifest.
622 silly tarball no local data for @firebase/analytics-compat@https://registry.npmjs.org/@firebase/analytics-compat/-/analytics-compat-0.2.28.tgz. Extracting by manifest.
623 silly tarball no local data for @firebase/app-compat@https://registry.npmjs.org/@firebase/app-compat/-/app-compat-0.5.13.tgz. Extracting by manifest.
624 silly tarball no local data for @firebase/app-types@https://registry.npmjs.org/@firebase/app-types/-/app-types-0.9.5.tgz. Extracting by manifest.
625 silly tarball no local data for @firebase/app@https://registry.npmjs.org/@firebase/app/-/app-0.14.13.tgz. Extracting by manifest.
626 silly tarball no local data for firebase@https://registry.npmjs.org/firebase/-/firebase-12.14.0.tgz. Extracting by manifest.
627 silly tarball no local data for react-native-url-polyfill@https://registry.npmjs.org/react-native-url-polyfill/-/react-native-url-polyfill-3.0.0.tgz. Extracting by manifest.
628 silly tarball no local data for react-dom@https://registry.npmjs.org/react-dom/-/react-dom-19.2.7.tgz. Extracting by manifest.
629 silly tarball no local data for @firebase/ai@https://registry.npmjs.org/@firebase/ai/-/ai-2.13.0.tgz. Extracting by manifest.
630 silly tarball no local data for @firebase/analytics@https://registry.npmjs.org/@firebase/analytics/-/analytics-0.10.22.tgz. Extracting by manifest.
631 silly tarball no local data for expo-font@https://registry.npmjs.org/expo-font/-/expo-font-56.0.5.tgz. Extracting by manifest.
632 silly tarball no local data for @react-native-firebase/firestore@https://registry.npmjs.org/@react-native-firebase/firestore/-/firestore-24.1.0.tgz. Extracting by manifest.
633 silly tarball no local data for @react-native-firebase/auth@https://registry.npmjs.org/@react-native-firebase/auth/-/auth-24.1.0.tgz. Extracting by manifest.
634 silly tarball no local data for @react-native-firebase/app@https://registry.npmjs.org/@react-native-firebase/app/-/app-24.1.0.tgz. Extracting by manifest.
635 silly tarball no local data for scheduler@https://registry.npmjs.org/scheduler/-/scheduler-0.27.0.tgz. Extracting by manifest.
636 http fetch POST 200 https://registry.npmjs.org/-/npm/v1/security/advisories/bulk 434ms
637 silly audit report {
637 silly audit report   postcss: [
637 silly audit report     {
637 silly audit report       id: 1117015,
637 silly audit report       url: 'https://github.com/advisories/GHSA-qx2v-qp2m-jg93',
637 silly audit report       title: 'PostCSS has XSS via Unescaped </style> in its CSS Stringify Output',
637 silly audit report       severity: 'moderate',
637 silly audit report       vulnerable_versions: '<8.5.10',
637 silly audit report       cwe: [Array],
637 silly audit report       cvss: [Object]
637 silly audit report     }
637 silly audit report   ],
637 silly audit report   'shell-quote': [
637 silly audit report     {
637 silly audit report       id: 1120422,
637 silly audit report       url: 'https://github.com/advisories/GHSA-w7jw-789q-3m8p',
637 silly audit report       title: 'shell-quote quote() does not escape newlines in object .op values',
637 silly audit report       severity: 'critical',
637 silly audit report       vulnerable_versions: '>=1.1.0 <=1.8.3',
637 silly audit report       cwe: [Array],
637 silly audit report       cvss: [Object]
637 silly audit report     }
637 silly audit report   ],
637 silly audit report   uuid: [
637 silly audit report     {
637 silly audit report       id: 1119441,
637 silly audit report       url: 'https://github.com/advisories/GHSA-w5hq-g745-h8pq',
637 silly audit report       title: 'uuid: Missing buffer bounds check in v3/v5/v6 when buf is provided',
637 silly audit report       severity: 'moderate',
637 silly audit report       vulnerable_versions: '<11.1.1',
637 silly audit report       cwe: [Array],
637 silly audit report       cvss: [Object]
637 silly audit report     }
637 silly audit report   ]
637 silly audit report }
638 silly packumentCache corgi:https://registry.npmjs.org/postcss cache-miss
639 silly packumentCache corgi:https://registry.npmjs.org/shell-quote cache-miss
640 silly packumentCache corgi:https://registry.npmjs.org/uuid cache-miss
641 http fetch GET 200 https://registry.npmjs.org/http-parser-js/-/http-parser-js-0.5.10.tgz 4986ms (cache miss)
642 http fetch GET 200 https://registry.npmjs.org/@protobufjs/inquire/-/inquire-1.1.2.tgz 5072ms (cache miss)
643 http fetch GET 200 https://registry.npmjs.org/lodash.camelcase/-/lodash.camelcase-4.3.0.tgz 5501ms (cache miss)
644 http fetch GET 200 https://registry.npmjs.org/@protobufjs/path/-/path-1.1.2.tgz 5751ms (cache miss)
645 http fetch GET 200 https://registry.npmjs.org/@protobufjs/pool/-/pool-1.1.0.tgz 5825ms (cache miss)
646 http fetch GET 200 https://registry.npmjs.org/@firebase/installations-types/-/installations-types-0.5.4.tgz 5937ms (cache miss)
647 http fetch GET 200 https://registry.npmjs.org/@firebase/remote-config-types/-/remote-config-types-0.5.1.tgz 6438ms (cache miss)
648 http fetch GET 200 https://registry.npmjs.org/@firebase/installations-compat/-/installations-compat-0.2.22.tgz 6479ms (cache miss)
649 http fetch GET 200 https://registry.npmjs.org/@firebase/performance-types/-/performance-types-0.2.4.tgz 6944ms (cache miss)
650 http fetch GET 200 https://registry.npmjs.org/@firebase/storage-types/-/storage-types-0.8.4.tgz 7338ms (cache miss)
651 http fetch GET 200 https://registry.npmjs.org/@firebase/app-types/-/app-types-0.9.5.tgz 7363ms (cache miss)
652 http fetch GET 200 https://registry.npmjs.org/faye-websocket/-/faye-websocket-0.11.4.tgz 7646ms (cache miss)
653 http fetch GET 200 https://registry.npmjs.org/@firebase/database-types/-/database-types-1.0.20.tgz 7704ms (cache miss)
654 http fetch GET 200 https://registry.npmjs.org/@firebase/functions-types/-/functions-types-0.6.4.tgz 7713ms (cache miss)
655 http fetch GET 200 https://registry.npmjs.org/@firebase/app-check-types/-/app-check-types-0.5.4.tgz 7745ms (cache miss)
656 http fetch GET 200 https://registry.npmjs.org/@firebase/app-check-interop-types/-/app-check-interop-types-0.3.4.tgz 7755ms (cache miss)
657 http fetch GET 200 https://registry.npmjs.org/@firebase/logger/-/logger-0.5.1.tgz 7762ms (cache miss)
658 http fetch GET 200 https://registry.npmjs.org/@firebase/auth-interop-types/-/auth-interop-types-0.2.5.tgz 7808ms (cache miss)
659 http fetch GET 200 https://registry.npmjs.org/@firebase/auth-types/-/auth-types-0.13.1.tgz 7844ms (cache miss)
660 http fetch GET 200 https://registry.npmjs.org/@firebase/performance-compat/-/performance-compat-0.2.25.tgz 7837ms (cache miss)
661 http fetch GET 200 https://registry.npmjs.org/@firebase/firestore-types/-/firestore-types-3.0.4.tgz 7861ms (cache miss)
662 http fetch GET 200 https://registry.npmjs.org/@firebase/messaging-compat/-/messaging-compat-0.2.27.tgz 8027ms (cache miss)
663 http fetch GET 200 https://registry.npmjs.org/@firebase/messaging-interop-types/-/messaging-interop-types-0.2.5.tgz 8114ms (cache miss)
664 http fetch GET 200 https://registry.npmjs.org/@firebase/analytics-types/-/analytics-types-0.8.4.tgz 8112ms (cache miss)
665 http fetch GET 200 https://registry.npmjs.org/scheduler/-/scheduler-0.27.0.tgz 8199ms (cache miss)
666 http fetch GET 200 https://registry.npmjs.org/@firebase/functions-compat/-/functions-compat-0.4.5.tgz 8318ms (cache miss)
667 http fetch GET 200 https://registry.npmjs.org/react-native-url-polyfill/-/react-native-url-polyfill-3.0.0.tgz 8358ms (cache miss)
668 http fetch GET 200 https://registry.npmjs.org/shell-quote 8105ms (cache miss)
669 silly packumentCache corgi:https://registry.npmjs.org/shell-quote set size:undefined disposed:false
670 http fetch GET 200 https://registry.npmjs.org/@protobufjs/aspromise/-/aspromise-1.1.2.tgz 8740ms (cache miss)
671 http fetch GET 200 https://registry.npmjs.org/@protobufjs/base64/-/base64-1.1.2.tgz 9078ms (cache miss)
672 http fetch GET 200 https://registry.npmjs.org/@protobufjs/codegen/-/codegen-2.0.5.tgz 9166ms (cache miss)
673 http fetch GET 200 https://registry.npmjs.org/uuid 8922ms (cache miss)
674 silly packumentCache corgi:https://registry.npmjs.org/uuid set size:undefined disposed:false
675 http fetch GET 200 https://registry.npmjs.org/@protobufjs/eventemitter/-/eventemitter-1.1.1.tgz 9498ms (cache miss)
676 http fetch GET 200 https://registry.npmjs.org/@protobufjs/utf8/-/utf8-1.1.1.tgz 10331ms (cache miss)
677 http fetch GET 200 https://registry.npmjs.org/@protobufjs/float/-/float-1.0.2.tgz 10658ms (cache miss)
678 http fetch GET 200 https://registry.npmjs.org/@protobufjs/fetch/-/fetch-1.1.1.tgz 11013ms (cache miss)
679 http fetch GET 200 https://registry.npmjs.org/postcss 11115ms (cache miss)
680 silly packumentCache corgi:https://registry.npmjs.org/postcss set size:undefined disposed:false
681 http fetch GET 200 https://registry.npmjs.org/long/-/long-5.3.2.tgz 13090ms (cache miss)
682 silly packumentCache corgi:https://registry.npmjs.org/@expo%2fmetro-config cache-miss
683 http fetch GET 200 https://registry.npmjs.org/websocket-extensions/-/websocket-extensions-0.1.4.tgz 13569ms (cache miss)
684 http fetch GET 200 https://registry.npmjs.org/@grpc/proto-loader/-/proto-loader-0.7.15.tgz 14185ms (cache miss)
685 http fetch GET 200 https://registry.npmjs.org/@firebase/app-check-compat/-/app-check-compat-0.4.4.tgz 17216ms (cache miss)
686 http fetch GET 200 https://registry.npmjs.org/@firebase/analytics-compat/-/analytics-compat-0.2.28.tgz 17455ms (cache miss)
687 http fetch GET 200 https://registry.npmjs.org/idb/-/idb-7.1.1.tgz 17579ms (cache miss)
688 http fetch GET 200 https://registry.npmjs.org/@expo%2fmetro-config 8233ms (cache miss)
689 silly packumentCache corgi:https://registry.npmjs.org/@expo%2fmetro-config set size:undefined disposed:false
690 http fetch GET 200 https://registry.npmjs.org/@firebase/remote-config-compat/-/remote-config-compat-0.2.25.tgz 21682ms (cache miss)
691 silly packumentCache corgi:https://registry.npmjs.org/react-devtools-core cache-miss
692 http fetch GET 200 https://registry.npmjs.org/@firebase/webchannel-wrapper/-/webchannel-wrapper-1.0.6.tgz 27004ms (cache miss)
693 http fetch GET 200 https://registry.npmjs.org/websocket-driver/-/websocket-driver-0.7.5.tgz 27771ms (cache miss)
694 http fetch GET 200 https://registry.npmjs.org/react-devtools-core 1828ms (cache miss)
695 silly packumentCache corgi:https://registry.npmjs.org/react-devtools-core set size:undefined disposed:false
696 http fetch GET 200 https://registry.npmjs.org/@firebase/component/-/component-0.7.3.tgz 28981ms (cache miss)
697 silly packumentCache corgi:https://registry.npmjs.org/xcode cache-miss
698 http fetch GET 200 https://registry.npmjs.org/@firebase/functions/-/functions-0.13.5.tgz 31258ms (cache miss)
699 http fetch GET 200 https://registry.npmjs.org/@firebase/storage-compat/-/storage-compat-0.4.3.tgz 32079ms (cache miss)
700 http fetch GET 200 https://registry.npmjs.org/@firebase/app-compat/-/app-compat-0.5.13.tgz 37795ms (cache miss)
701 http fetch GET 200 https://registry.npmjs.org/xcode 8618ms (cache miss)
702 silly packumentCache corgi:https://registry.npmjs.org/xcode set size:undefined disposed:false
703 silly packumentCache corgi:https://registry.npmjs.org/expo cache-miss
704 silly packumentCache corgi:https://registry.npmjs.org/@expo%2fcli cache-miss
705 http fetch GET 200 https://registry.npmjs.org/@firebase/analytics/-/analytics-0.10.22.tgz 38931ms (cache miss)
706 http fetch GET 200 https://registry.npmjs.org/@firebase/app/-/app-0.14.13.tgz 41264ms (cache miss)
707 http fetch GET 200 https://registry.npmjs.org/@expo%2fcli 7812ms (cache miss)
708 silly packumentCache corgi:https://registry.npmjs.org/@expo%2fcli set size:undefined disposed:false
709 http fetch GET 200 https://registry.npmjs.org/@react-native-firebase/auth/-/auth-24.1.0.tgz 47266ms (cache miss)
710 http fetch GET 200 https://registry.npmjs.org/expo 8884ms (cache miss)
711 silly packumentCache corgi:https://registry.npmjs.org/expo set size:undefined disposed:false
712 http fetch GET 200 https://registry.npmjs.org/@firebase/remote-config/-/remote-config-0.8.4.tgz 47913ms (cache miss)
713 http fetch GET 200 https://registry.npmjs.org/@firebase/performance/-/performance-0.7.12.tgz 48289ms (cache miss)
714 silly packumentCache corgi:https://registry.npmjs.org/@expo%2fconfig-plugins cache-miss
715 http fetch GET 200 https://registry.npmjs.org/@firebase/app-check/-/app-check-0.11.4.tgz 49010ms (cache miss)
716 http fetch GET 200 https://registry.npmjs.org/@expo%2fconfig-plugins 1430ms (cache miss)
717 silly packumentCache corgi:https://registry.npmjs.org/@expo%2fconfig-plugins set size:undefined disposed:false
718 silly packumentCache corgi:https://registry.npmjs.org/@expo%2fmetro-runtime cache-miss
719 silly packumentCache corgi:https://registry.npmjs.org/babel-preset-expo cache-miss
720 silly packumentCache corgi:https://registry.npmjs.org/expo-asset cache-miss
721 silly packumentCache corgi:https://registry.npmjs.org/expo-constants cache-miss
722 silly packumentCache corgi:https://registry.npmjs.org/expo-crypto cache-miss
723 silly packumentCache corgi:https://registry.npmjs.org/expo-haptics cache-miss
724 silly packumentCache corgi:https://registry.npmjs.org/expo-router cache-miss
725 silly packumentCache corgi:https://registry.npmjs.org/@expo%2fprebuild-config cache-miss
726 silly packumentCache corgi:https://registry.npmjs.org/expo-file-system cache-miss
727 silly packumentCache corgi:https://registry.npmjs.org/expo-font cache-miss
728 silly packumentCache corgi:https://registry.npmjs.org/expo-keep-awake cache-miss
729 silly packumentCache corgi:https://registry.npmjs.org/@react-native-firebase%2fapp cache-miss
730 silly packumentCache corgi:https://registry.npmjs.org/@react-native-firebase%2fauth cache-miss
731 http fetch GET 200 https://registry.npmjs.org/@firebase/auth-compat/-/auth-compat-0.6.7.tgz 51387ms (cache miss)
732 http fetch GET 200 https://registry.npmjs.org/expo-haptics 4668ms (cache miss)
733 silly packumentCache corgi:https://registry.npmjs.org/expo-haptics set size:undefined disposed:false
734 http fetch GET 200 https://registry.npmjs.org/expo-crypto 4803ms (cache miss)
735 silly packumentCache corgi:https://registry.npmjs.org/expo-crypto set size:undefined disposed:false
736 http fetch GET 200 https://registry.npmjs.org/expo-file-system 5326ms (cache miss)
737 silly packumentCache corgi:https://registry.npmjs.org/expo-file-system set size:undefined disposed:false
738 http fetch GET 200 https://registry.npmjs.org/expo-keep-awake 5459ms (cache miss)
739 silly packumentCache corgi:https://registry.npmjs.org/expo-keep-awake set size:undefined disposed:false
740 http fetch GET 200 https://registry.npmjs.org/expo-asset 5527ms (cache miss)
741 silly packumentCache corgi:https://registry.npmjs.org/expo-asset set size:undefined disposed:false
742 http fetch GET 200 https://registry.npmjs.org/expo-constants 5638ms (cache miss)
743 silly packumentCache corgi:https://registry.npmjs.org/expo-constants set size:undefined disposed:false
744 http fetch GET 200 https://registry.npmjs.org/@expo%2fmetro-runtime 5780ms (cache miss)
745 silly packumentCache corgi:https://registry.npmjs.org/@expo%2fmetro-runtime set size:undefined disposed:false
746 http fetch GET 200 https://registry.npmjs.org/@expo%2fprebuild-config 5862ms (cache miss)
747 silly packumentCache corgi:https://registry.npmjs.org/@expo%2fprebuild-config set size:undefined disposed:false
748 http fetch GET 200 https://registry.npmjs.org/expo-font 6243ms (cache miss)
749 silly packumentCache corgi:https://registry.npmjs.org/expo-font set size:undefined disposed:false
750 http fetch GET 200 https://registry.npmjs.org/babel-preset-expo 6356ms (cache miss)
751 silly packumentCache corgi:https://registry.npmjs.org/babel-preset-expo set size:undefined disposed:false
752 http fetch GET 200 https://registry.npmjs.org/@firebase/installations/-/installations-0.6.22.tgz 57776ms (cache miss)
753 http fetch GET 200 https://registry.npmjs.org/protobufjs/-/protobufjs-7.6.3.tgz 57924ms (cache miss)
754 http fetch GET 200 https://registry.npmjs.org/@react-native-firebase%2fauth 6805ms (cache miss)
755 silly packumentCache corgi:https://registry.npmjs.org/@react-native-firebase%2fauth set size:undefined disposed:false
756 http fetch GET 200 https://registry.npmjs.org/react-dom/-/react-dom-19.2.7.tgz 58179ms (cache miss)
757 http fetch GET 200 https://registry.npmjs.org/@react-native-firebase%2fapp 7061ms (cache miss)
758 silly packumentCache corgi:https://registry.npmjs.org/@react-native-firebase%2fapp set size:undefined disposed:false
759 http fetch GET 200 https://registry.npmjs.org/expo-router 7302ms (cache miss)
760 silly packumentCache corgi:https://registry.npmjs.org/expo-router set size:undefined disposed:false
761 silly packumentCache corgi:https://registry.npmjs.org/@expo%2fconfig cache-miss
762 http fetch GET 200 https://registry.npmjs.org/@firebase/database-compat/-/database-compat-2.1.4.tgz 60177ms (cache miss)
763 http fetch GET 200 https://registry.npmjs.org/@firebase/firestore-compat/-/firestore-compat-0.4.10.tgz 60540ms (cache miss)
764 http fetch GET 200 https://registry.npmjs.org/@expo%2fconfig 1343ms (cache miss)
765 silly packumentCache corgi:https://registry.npmjs.org/@expo%2fconfig set size:undefined disposed:false
766 silly packumentCache corgi:https://registry.npmjs.org/expo-linking cache-miss
767 http fetch GET 200 https://registry.npmjs.org/@firebase/util/-/util-1.15.1.tgz 62869ms (cache miss)
768 http fetch GET 200 https://registry.npmjs.org/expo-linking 4386ms (cache miss)
769 silly packumentCache corgi:https://registry.npmjs.org/expo-linking set size:undefined disposed:false
770 http fetch GET 200 https://registry.npmjs.org/@firebase/data-connect/-/data-connect-0.7.1.tgz 69480ms (cache miss)
771 http fetch GET 200 https://registry.npmjs.org/@firebase/storage/-/storage-0.14.3.tgz 70483ms (cache miss)
772 http fetch GET 200 https://registry.npmjs.org/expo-font/-/expo-font-56.0.5.tgz 71377ms (cache miss)
773 http fetch GET 200 https://registry.npmjs.org/web-vitals/-/web-vitals-4.2.4.tgz 71624ms (cache miss)
774 http fetch GET 200 https://registry.npmjs.org/@firebase/messaging/-/messaging-0.13.0.tgz 71785ms (cache miss)
775 http fetch GET 200 https://registry.npmjs.org/@firebase/ai/-/ai-2.13.0.tgz 72686ms (cache miss)
776 http fetch GET 200 https://registry.npmjs.org/@firebase/database/-/database-1.1.3.tgz 89841ms (cache miss)
777 http fetch GET 200 https://registry.npmjs.org/@react-native-firebase/firestore/-/firestore-24.1.0.tgz 98881ms (cache miss)
778 http fetch GET 200 https://registry.npmjs.org/@react-native-firebase/app/-/app-24.1.0.tgz 110903ms (cache miss)
779 http fetch GET 200 https://registry.npmjs.org/@grpc/grpc-js/-/grpc-js-1.9.16.tgz 121661ms (cache miss)
780 http fetch GET 200 https://registry.npmjs.org/@firebase/auth/-/auth-1.13.2.tgz 186475ms (cache miss)
781 http fetch GET 200 https://registry.npmjs.org/@firebase/firestore/-/firestore-4.15.0.tgz 210667ms (cache miss)
782 http fetch GET 200 https://registry.npmjs.org/firebase/-/firebase-12.14.0.tgz 239760ms (cache miss)
783 info run @firebase/util@1.15.1 postinstall node_modules/@firebase/util node ./postinstall.js
784 info run protobufjs@7.6.3 postinstall node_modules/protobufjs node scripts/postinstall
785 info run @firebase/util@1.15.1 postinstall { code: 0, signal: null }
786 info run protobufjs@7.6.3 postinstall { code: 0, signal: null }
787 silly ADD node_modules/websocket-extensions
788 silly ADD node_modules/http-parser-js
789 silly ADD node_modules/@protobufjs/utf8
790 silly ADD node_modules/@protobufjs/pool
791 silly ADD node_modules/@protobufjs/path
792 silly ADD node_modules/@protobufjs/inquire
793 silly ADD node_modules/@protobufjs/float
794 silly ADD node_modules/@protobufjs/fetch
795 silly ADD node_modules/@protobufjs/eventemitter
796 silly ADD node_modules/@protobufjs/codegen
797 silly ADD node_modules/@protobufjs/base64
798 silly ADD node_modules/@protobufjs/aspromise
799 silly ADD node_modules/websocket-driver
800 silly ADD node_modules/protobufjs
801 silly ADD node_modules/long
802 silly ADD node_modules/lodash.camelcase
803 silly ADD node_modules/@firebase/storage-types
804 silly ADD node_modules/@firebase/remote-config-types
805 silly ADD node_modules/@firebase/performance-types
806 silly ADD node_modules/web-vitals
807 silly ADD node_modules/@firebase/installations-types
808 silly ADD node_modules/@firebase/functions-types
809 silly ADD node_modules/@firebase/messaging-interop-types
810 silly ADD node_modules/@firebase/firestore-types
811 silly ADD node_modules/@grpc/proto-loader
812 silly ADD node_modules/@grpc/grpc-js
813 silly ADD node_modules/@firebase/webchannel-wrapper
814 silly ADD node_modules/@firebase/database-types
815 silly ADD node_modules/faye-websocket
816 silly ADD node_modules/@firebase/auth-interop-types
817 silly ADD node_modules/@firebase/auth-types
818 silly ADD node_modules/@firebase/app-check-types
819 silly ADD node_modules/idb
820 silly ADD node_modules/@firebase/analytics-types
821 silly ADD node_modules/@firebase/logger
822 silly ADD node_modules/@firebase/component
823 silly ADD node_modules/@firebase/app-check-interop-types
824 silly ADD node_modules/@firebase/util
825 silly ADD node_modules/@firebase/storage-compat
826 silly ADD node_modules/@firebase/storage
827 silly ADD node_modules/@firebase/remote-config-compat
828 silly ADD node_modules/@firebase/remote-config
829 silly ADD node_modules/@firebase/performance-compat
830 silly ADD node_modules/@firebase/performance
831 silly ADD node_modules/@firebase/messaging-compat
832 silly ADD node_modules/@firebase/messaging
833 silly ADD node_modules/@firebase/installations-compat
834 silly ADD node_modules/@firebase/installations
835 silly ADD node_modules/@firebase/functions-compat
836 silly ADD node_modules/@firebase/functions
837 silly ADD node_modules/@firebase/firestore-compat
838 silly ADD node_modules/@firebase/firestore
839 silly ADD node_modules/@firebase/database-compat
840 silly ADD node_modules/@firebase/database
841 silly ADD node_modules/@firebase/data-connect
842 silly ADD node_modules/@firebase/auth-compat
843 silly ADD node_modules/@firebase/auth
844 silly ADD node_modules/@firebase/app-check-compat
845 silly ADD node_modules/@firebase/app-check
846 silly ADD node_modules/@firebase/app-compat
847 silly ADD node_modules/@firebase/analytics-compat
848 silly ADD node_modules/@firebase/analytics
849 silly ADD node_modules/@firebase/app-types
850 silly ADD node_modules/@firebase/app
851 silly ADD node_modules/@firebase/ai
852 silly ADD node_modules/react-native-url-polyfill
853 silly ADD node_modules/firebase
854 silly ADD node_modules/react-dom
855 silly ADD node_modules/react-dom/node_modules/scheduler
856 silly ADD node_modules/expo-font
857 silly ADD node_modules/@react-native-firebase/firestore
858 silly ADD node_modules/@react-native-firebase/auth
859 silly ADD node_modules/@react-native-firebase/app
860 verbose cwd D:\noteflow
861 verbose os Windows_NT 10.0.22631
862 verbose node v24.14.0
863 verbose npm  v11.9.0
864 verbose exit 0
865 info ok
